<?xml version="1.0" encoding="utf-8"?>
<mconfig>
  <configuration>
    <handlers>
      <handler section="feature" 
	       type="Mono.MonoConfig.FeatureNodeHandler, mconfig, Version=0.1.0.0, Culture=neutral, PublicKeyToken=null"
	       storageType="System.Collections.Generic.Dictionary`2[[System.String, mscorlib, Version=2.0.0.0, Culture=neutral, PublicKeyToken=b77a5c561934e089],[Mono.MonoConfig.FeatureNode, mconfig, Version=0.1.0.0, Culture=neutral, PublicKeyToken=null]], mscorlib, Version=2.0.0.0, Culture=neutral, PublicKeyToken=b77a5c561934e089"/>
      <handler section="configBlock"
	       type="Mono.MonoConfig.ConfigBlockNodeHandler, mconfig, Version=0.1.0.0, Culture=neutral, PublicKeyToken=null"
	       storageType="System.Collections.Generic.Dictionary`2[[System.String, mscorlib, Version=2.0.0.0, Culture=neutral, PublicKeyToken=b77a5c561934e089],[Mono.MonoConfig.ConfigBlockBlock, mconfig, Version=0.1.0.0, Culture=neutral, PublicKeyToken=null]], mscorlib, Version=2.0.0.0, Culture=neutral, PublicKeyToken=b77a5c561934e089"/>
      <handler section="default"
	       type="Mono.MonoConfig.DefaultNodeHandler, mconfig, Version=0.1.0.0, Culture=neutral, PublicKeyToken=null"
	       storageType="System.Collections.Generic.Dictionary`2[[System.String, mscorlib, Version=2.0.0.0, Culture=neutral, PublicKeyToken=b77a5c561934e089],[Mono.MonoConfig.DefaultNode, mconfig, Version=0.1.0.0, Culture=neutral, PublicKeyToken=null]], mscorlib, Version=2.0.0.0, Culture=neutral, PublicKeyToken=b77a5c561934e089"/>
      <handler section="defaultConfigFile"
	       type="Mono.MonoConfig.DefaultConfigFileNodeHandler, mconfig, Version=0.1.0.0, Culture=neutral, PublicKeyToken=null"
	       storageType="System.Collections.Generic.Dictionary`2[[System.String, mscorlib, Version=2.0.0.0, Culture=neutral, PublicKeyToken=b77a5c561934e089],[Mono.MonoConfig.DefaultConfigFile, mconfig, Version=0.1.0.0, Culture=neutral, PublicKeyToken=null]], mscorlib, Version=2.0.0.0, Culture=neutral, PublicKeyToken=b77a5c561934e089"/>
    </handlers>
  </configuration>

  <feature name="AJAX" target="web">
    <description><![CDATA[
      Adds entries to your Web.config file which are required by any .NET 3.5 AJAX.NET application.
    ]]></description>
    <blocks>
      <block name="AJAX config sections"/>
      <block name="AJAX controls registration"/>
      <block name="AJAX compilation"/>
      <block name="AJAX HTTP handlers"/>
      <block name="AJAX HTTP modules"/>
      <block name="AJAX CodeDOM 3.5 settings"/>
      <block name="AJAX runtime settings"/>
      <block name="AJAX system.webServer"/>
      <block name="" />
    </blocks>
  </feature>

  <feature name="AJAX1" target="web">
    <description><![CDATA[
      Adds entries to your Web.config file which are required by any AJAX.NET 1.0 application.
    ]]></description>
    <blocks>
      <block name="AJAX1 config sections"/>
      <block name="AJAX1 controls registration"/>
      <block name="AJAX1 compilation"/>
      <block name="AJAX1 HTTP handlers"/>
      <block name="AJAX1 HTTP modules"/>
      <block name="AJAX1 system.web.extensions"/>
      <block name="AJAX1 system.webServer"/>
      <block name="" />
    </blocks>
  </feature>

  <feature name="DynamicData" target="web">
    <description><![CDATA[
      Adds entries to your Web.config file which are required by any ASP.NET DynamicData application.
    ]]></description>
    <blocks>
      <block name="AJAX config sections"/>
      <block name="AJAX controls registration"/>
      <block name="AJAX compilation"/>
      <block name="AJAX HTTP handlers"/>
      <block name="AJAX HTTP modules"/>
      <block name="AJAX system.web.extensions"/>
      <block name="AJAX system.webServer"/>

      <block name="DynamicData controls registration" />
      <block name="DynamicData compilation" />
      <block name="DynamicData HTTP modules" />
    </blocks>
  </feature>
 <!--SMOKE CONFIG-->
  <feature name="SettingsMapProtection" target="web">
    <description><![CDATA[
      Adds an entry to your config file which will prevent download of the 'settings.map' file. The
file is used by the settings mapping manager to modify configuration settings depending on the operating
system under which your application runs. Add this feature only if you have your own custom 'settings.map'
file in the top-level directory of your ASP.NET application.
]]></description>
    <blocks>
      <block name="SettingsMap Handler"/>
    </blocks>
  </feature>

  <!-- configuration blocks required by the features -->
  <configBlock name="SettingsMap Handler">
    <requires>
      <section name="configuration">
	<section name="system.web">
	  <section name="httpHandlers" defaultBlockName="system.web.httpHandlers"/>
	</section>
      </section>
    </requires>

    <contents>
      <![CDATA[
<add verb="*" path="settings.map" type="System.Web.HttpForbiddenHandler, System.Web, Version=2.0.0.0, Culture=neutral, PublicKeyToken=b03f5f7f11d50a3a" />
]]>
    </contents>
  </configBlock>

  <!-- AJAX.NET 3.5 start -->
  <configBlock name="AJAX config sections">
    <requires>
      <section name="configuration">
	<section name="configSections" attachPoint="true"/>
      </section>
    </requires>
 <!--SMOKE CONFIG-->
    <contents>
      <![CDATA[
<sectionGroup name="system.web.extensions" type="System.Web.Configuration.SystemWebExtensionsSectionGroup, System.Web.Extensions, Version=3.5.0.0, Culture=neutral, PublicKeyToken=31BF3856AD364E35">
        <sectionGroup name="scripting" type="System.Web.Configuration.ScriptingSectionGroup, System.Web.Extensions, Version=3.5.0.0, Culture=neutral, PublicKeyToken=31BF3856AD364E35">
          <section name="scriptResourceHandler" type="System.Web.Configuration.ScriptingScriptResourceHandlerSection, System.Web.Extensions, Version=3.5.0.0, Culture=neutral, PublicKeyToken=31BF3856AD364E35" requirePermission="false" allowDefinition="MachineToApplication"/>
          <sectionGroup name="webServices" type="System.Web.Configuration.ScriptingWebServicesSectionGroup, System.Web.Extensions, Version=3.5.0.0, Culture=neutral, PublicKeyToken=31BF3856AD364E35">
            <section name="jsonSerialization" type="System.Web.Configuration.ScriptingJsonSerializationSection, System.Web.Extensions, Version=3.5.0.0, Culture=neutral, PublicKeyToken=31BF3856AD364E35" requirePermission="false" allowDefinition="Everywhere" />
            <section name="profileService" type="System.Web.Configuration.ScriptingProfileServiceSection, System.Web.Extensions, Version=3.5.0.0, Culture=neutral, PublicKeyToken=31BF3856AD364E35" requirePermission="false" allowDefinition="MachineToApplication" />
            <section name="authenticationService" type="System.Web.Configuration.ScriptingAuthenticationServiceSection, System.Web.Extensions, Version=3.5.0.0, Culture=neutral, PublicKeyToken=31BF3856AD364E35" requirePermission="false" allowDefinition="MachineToApplication" />
            <section name="roleService" type="System.Web.Configuration.ScriptingRoleServiceSection, System.Web.Extensions, Version=3.5.0.0, Culture=neutral, PublicKeyToken=31BF3856AD364E35" requirePermission="false" allowDefinition="MachineToApplication" />
          </sectionGroup>
        </sectionGroup>
      </sectionGroup>
]]>
    </contents>
  </configBlock>

  <configBlock name="AJAX controls registration">
    <requires>
      <section name="configuration">
	<section name="system.web">
	  <section name="pages" defaultBlockName="system.web.pages">
	    <section name="controls" defaultBlockName="system.web.pages.controls"/>
	  </section>
	</section>
      </section>
    </requires>

    <contents>
      <![CDATA[
          <add tagPrefix="asp" namespace="System.Web.UI" assembly="System.Web.Extensions, Version=3.5.0.0, Culture=neutral, PublicKeyToken=31BF3856AD364E35"/>
          <add tagPrefix="asp" namespace="System.Web.UI.WebControls" assembly="System.Web.Extensions, Version=3.5.0.0, Culture=neutral, PublicKeyToken=31BF3856AD364E35"/>
]]>
    </contents>
  </configBlock>

  <configBlock name="AJAX compilation">
    <requires>
      <section name="configuration">
	<section name="system.web">
	  <section name="compilation" defaultBlockName="system.web.compilation">
	    <section name="assemblies" defaultBlockName="system.web.compilation.assemblies"/>
	  </section>
	</section>
      </section>
    </requires>
 <!--SMOKE CONFIG-->
    <contents>
      <![CDATA[
	    <add assembly="System.Core, Version=3.5.0.0, Culture=neutral, PublicKeyToken=B77A5C561934E089"/>
            <add assembly="System.Web.Extensions, Version=3.5.0.0, Culture=neutral, PublicKeyToken=31BF3856AD364E35"/>
            <add assembly="System.Data.DataSetExtensions, Version=3.5.0.0, Culture=neutral, PublicKeyToken=B77A5C561934E089"/>
            <add assembly="System.Xml.Linq, Version=3.5.0.0, Culture=neutral, PublicKeyToken=B77A5C561934E089"/>

]]>
    </contents>
  </configBlock>

  <configBlock name="AJAX HTTP handlers">
    <requires>
      <section name="configuration">
	<section name="system.web">
	  <section name="httpHandlers" defaultBlockName="system.web.httpHandlers"/>
	</section>
      </section>
    </requires>
    
    <contents>
      <![CDATA[
	<remove verb="*" path="*.asmx"/>
        <add verb="*" path="*.asmx" validate="false" type="System.Web.Script.Services.ScriptHandlerFactory, System.Web.Extensions, Version=3.5.0.0, Culture=neutral, PublicKeyToken=31BF3856AD364E35"/>
        <add verb="*" path="*_AppService.axd" validate="false" type="System.Web.Script.Services.ScriptHandlerFactory, System.Web.Extensions, Version=3.5.0.0, Culture=neutral, PublicKeyToken=31BF3856AD364E35"/>
        <add verb="GET,HEAD" path="ScriptResource.axd" type="System.Web.Handlers.ScriptResourceHandler, System.Web.Extensions, Version=3.5.0.0, Culture=neutral, PublicKeyToken=31BF3856AD364E35" validate="false"/>   
]]>
    </contents>
  </configBlock>

  <configBlock name="AJAX HTTP modules">
    <requires>
      <section name="configuration">
	<section name="system.web">
	  <section name="httpModules" defaultBlockName="system.web.httpModules"/>
	</section>
      </section>
    </requires>
 <!--SMOKE CONFIG-->
    <contents>
      <![CDATA[
<add name="ScriptModule" type="System.Web.Handlers.ScriptModule, System.Web.Extensions, Version=3.5.0.0, Culture=neutral, PublicKeyToken=31BF3856AD364E35"/>
]]>
    </contents>
  </configBlock>

  <configBlock name="AJAX CodeDOM 3.5 settings">
    <requires>
      <section name="configuration">
	<section name="system.codedom">
	  <section name="compilers" defaultBlockName="system.codedom.compilers"/>
	</section>
      </section>
    </requires>

    <contents>
      <![CDATA[
	<compiler language="c#;cs;csharp" extension=".cs" warningLevel="4"
                  type="Microsoft.CSharp.CSharpCodeProvider, System, Version=2.0.0.0, Culture=neutral, PublicKeyToken=b77a5c561934e089">
          <providerOption name="CompilerVersion" value="v3.5"/>
          <providerOption name="WarnAsError" value="false"/>
        </compiler>
        <compiler language="vb;vbs;visualbasic;vbscript" extension=".vb" warningLevel="4"
                  type="Microsoft.VisualBasic.VBCodeProvider, System, Version=2.0.0.0, Culture=neutral, PublicKeyToken=b77a5c561934e089">
          <providerOption name="CompilerVersion" value="v3.5"/>
          <providerOption name="OptionInfer" value="true"/>
          <providerOption name="WarnAsError" value="false"/>
        </compiler>
]]>
    </contents>
  </configBlock>

  <configBlock name="AJAX runtime settings">
    <requires>
      <section name="configuration">
	<section name="runtime"/>
      </section>
    </requires>

    <contents>
      <![CDATA[
	<assemblyBinding xmlns="urn:schemas-microsoft-com:asm.v1">
        <dependentAssembly>
          <assemblyIdentity name="System.Web.Extensions" publicKeyToken="31bf3856ad364e35"/>
          <bindingRedirect oldVersion="1.0.0.0-1.1.0.0" newVersion="3.5.0.0"/>
        </dependentAssembly>
        <dependentAssembly>
          <assemblyIdentity name="System.Web.Extensions.Design" publicKeyToken="31bf3856ad364e35"/>
          <bindingRedirect oldVersion="1.0.0.0-1.1.0.0" newVersion="3.5.0.0"/>
        </dependentAssembly>
      </assemblyBinding>
]]>
    </contents>
  </configBlock>
 <!--SMOKE CONFIG-->
  <configBlock name="AJAX system.webServer">
    <requires>
      <section name="configuration">
	<section name="system.webServer"/>
      </section>
    </requires>

    <contents>
      <![CDATA[
      <validation validateIntegratedModeConfiguration="false"/>
      <modules>
        <remove name="ScriptModule" />
        <add name="ScriptModule" preCondition="managedHandler" type="System.Web.Handlers.ScriptModule, System.Web.Extensions, Version=3.5.0.0, Culture=neutral, PublicKeyToken=31BF3856AD364E35"/>
      </modules>
      <handlers>
        <remove name="WebServiceHandlerFactory-Integrated"/>
        <remove name="ScriptHandlerFactory" />
        <remove name="ScriptHandlerFactoryAppServices" />
        <remove name="ScriptResource" />
        <add name="ScriptHandlerFactory" verb="*" path="*.asmx" preCondition="integratedMode"
             type="System.Web.Script.Services.ScriptHandlerFactory, System.Web.Extensions, Version=3.5.0.0, Culture=neutral, PublicKeyToken=31BF3856AD364E35"/>
        <add name="ScriptHandlerFactoryAppServices" verb="*" path="*_AppService.axd" preCondition="integratedMode"
             type="System.Web.Script.Services.ScriptHandlerFactory, System.Web.Extensions, Version=3.5.0.0, Culture=neutral, PublicKeyToken=31BF3856AD364E35"/>
        <add name="ScriptResource" preCondition="integratedMode" verb="GET,HEAD" path="ScriptResource.axd" type="System.Web.Handlers.ScriptResourceHandler, System.Web.Extensions, Version=3.5.0.0, Culture=neutral, PublicKeyToken=31BF3856AD364E35" />
      </handlers>
]]>
    </contents>
  </configBlock>
  <!-- AJAX.NET 3.5 end -->

  <!-- AJAX.NET 1.0 start -->
  <configBlock name="AJAX1 config sections">
    <requires>
      <section name="configuration">
	<section name="configSections" attachPoint="true"/>
      </section>
    </requires>
 <!--SMOKE CONFIG-->
    <contents>
      <![CDATA[
<sectionGroup name="system.web.extensions" type="System.Web.Configuration.SystemWebExtensionsSectionGroup, System.Web.Extensions, Version=1.0.61025.0, Culture=neutral, PublicKeyToken=31bf3856ad364e35">
      <sectionGroup name="scripting" type="System.Web.Configuration.ScriptingSectionGroup, System.Web.Extensions, Version=1.0.61025.0, Culture=neutral, PublicKeyToken=31bf3856ad364e35">
          <section name="scriptResourceHandler" type="System.Web.Configuration.ScriptingScriptResourceHandlerSection, System.Web.Extensions, Version=1.0.61025.0, Culture=neutral, PublicKeyToken=31bf3856ad364e35" requirePermission="false" allowDefinition="MachineToApplication"/>
        <sectionGroup name="webServices" type="System.Web.Configuration.ScriptingWebServicesSectionGroup, System.Web.Extensions, Version=1.0.61025.0, Culture=neutral, PublicKeyToken=31bf3856ad364e35">
          <section name="jsonSerialization" type="System.Web.Configuration.ScriptingJsonSerializationSection, System.Web.Extensions, Version=1.0.61025.0, Culture=neutral, PublicKeyToken=31bf3856ad364e35" requirePermission="false" allowDefinition="Everywhere" />
          <section name="profileService" type="System.Web.Configuration.ScriptingProfileServiceSection, System.Web.Extensions, Version=1.0.61025.0, Culture=neutral, PublicKeyToken=31bf3856ad364e35" requirePermission="false" allowDefinition="MachineToApplication" />
          <section name="authenticationService" type="System.Web.Configuration.ScriptingAuthenticationServiceSection, System.Web.Extensions, Version=1.0.61025.0, Culture=neutral, PublicKeyToken=31bf3856ad364e35" requirePermission="false" allowDefinition="MachineToApplication" />
        </sectionGroup>
      </sectionGroup>
    </sectionGroup>
      ]]>
    </contents>
  </configBlock>

  <configBlock name="AJAX1 controls registration">
    <requires>
      <section name="configuration">
	<section name="system.web">
	  <section name="pages" defaultBlockName="system.web.pages">
	    <section name="controls" defaultBlockName="system.web.pages.controls"/>
	  </section>
	</section>
      </section>
    </requires>
 <!--SMOKE CONFIG-->
    <contents>
      <![CDATA[
<add tagPrefix="asp" namespace="System.Web.UI" assembly="System.Web.Extensions, Version=1.0.61025.0, Culture=neutral, PublicKeyToken=31bf3856ad364e35"/>
]]>
    </contents>
  </configBlock>

  <configBlock name="AJAX1 compilation">
    <requires>
      <section name="configuration">
	<section name="system.web">
	  <section name="compilation" defaultBlockName="system.web.compilation">
	    <section name="assemblies" defaultBlockName="system.web.compilation.assemblies"/>
	  </section>
	</section>
      </section>
    </requires>

    <contents>
      <![CDATA[
<add assembly="System.Web.Extensions, Version=1.0.61025.0, Culture=neutral, PublicKeyToken=31bf3856ad364e35"/>
]]>
    </contents>
  </configBlock>

  <configBlock name="AJAX1 HTTP handlers">
    <requires>
      <section name="configuration">
	<section name="system.web">
	  <section name="httpHandlers" defaultBlockName="system.web.httpHandlers"/>
	</section>
      </section>
    </requires>
    
    <contents>
      <![CDATA[
<remove verb="*" path="*.asmx"/>
      <add verb="*" path="*.asmx" validate="false" type="System.Web.Script.Services.ScriptHandlerFactory, System.Web.Extensions, Version=1.0.61025.0, Culture=neutral, PublicKeyToken=31bf3856ad364e35"/>
      <add verb="*" path="*_AppService.axd" validate="false" type="System.Web.Script.Services.ScriptHandlerFactory, System.Web.Extensions, Version=1.0.61025.0, Culture=neutral, PublicKeyToken=31bf3856ad364e35"/>
      <add verb="GET,HEAD" path="ScriptResource.axd" type="System.Web.Handlers.ScriptResourceHandler, System.Web.Extensions, Version=1.0.61025.0, Culture=neutral, PublicKeyToken=31bf3856ad364e35" validate="false"/>
]]>
    </contents>
  </configBlock>

  <configBlock name="AJAX1 HTTP modules">
    <requires>
      <section name="configuration">
	<section name="system.web">
	  <section name="httpModules" defaultBlockName="system.web.httpModules"/>
	</section>
      </section>
    </requires>
 <!--SMOKE CONFIG-->
    <contents>
      <![CDATA[
<add name="ScriptModule" type="System.Web.Handlers.ScriptModule, System.Web.Extensions, Version=1.0.61025.0, Culture=neutral, PublicKeyToken=31bf3856ad364e35"/>
]]>
    </contents>
  </configBlock>

  <configBlock name="AJAX1 system.web.extensions">
    <requires>
      <section name="configuration">
	<section name="system.web.extensions"/>
      </section>
    </requires>

    <contents>
      <![CDATA[
<scripting>
      <webServices>
      <!-- Uncomment this line to customize maxJsonLength and add a custom converter -->
      <!--
      <jsonSerialization maxJsonLength="500">
        <converters>
          <add name="ConvertMe" type="Acme.SubAcme.ConvertMeTypeConverter"/>
        </converters>
      </jsonSerialization>
      -->
      <!-- Uncomment this line to enable the authentication service. Include requireSSL="true" if appropriate. -->
      <!--
        <authenticationService enabled="true" requireSSL = "true|false"/>
      -->

      <!-- Uncomment these lines to enable the profile service. To allow profile properties to be retrieved
           and modified in ASP.NET AJAX applications, you need to add each property name to the readAccessProperties and
           writeAccessProperties attributes. -->
      <!--
      <profileService enabled="true"
                      readAccessProperties="propertyname1,propertyname2"
                      writeAccessProperties="propertyname1,propertyname2" />
      -->
      </webServices>
      <!--
      <scriptResourceHandler enableCompression="true" enableCaching="true" />
      -->
    </scripting>
]]>
    </contents>
  </configBlock>
 <!--SMOKE CONFIG-->
  <configBlock name="AJAX1 system.webServer">
    <requires>
      <section name="configuration">
	<section name="system.webServer"/>
      </section>
    </requires>

    <contents>
      <![CDATA[
<validation validateIntegratedModeConfiguration="false"/>
    <modules>
      <add name="ScriptModule" preCondition="integratedMode" type="System.Web.Handlers.ScriptModule, System.Web.Extensions, Version=1.0.61025.0, Culture=neutral, PublicKeyToken=31bf3856ad364e35"/>
    </modules>
    <handlers>
      <remove name="WebServiceHandlerFactory-Integrated" />
      <add name="ScriptHandlerFactory" verb="*" path="*.asmx" preCondition="integratedMode"
           type="System.Web.Script.Services.ScriptHandlerFactory, System.Web.Extensions, Version=1.0.61025.0, Culture=neutral, PublicKeyToken=31bf3856ad364e35"/>
      <add name="ScriptHandlerFactoryAppServices" verb="*" path="*_AppService.axd" preCondition="integratedMode"
           type="System.Web.Script.Services.ScriptHandlerFactory, System.Web.Extensions, Version=1.0.61025.0, Culture=neutral, PublicKeyToken=31bf3856ad364e35"/>
      <add name="ScriptResource" preCondition="integratedMode" verb="GET,HEAD" path="ScriptResource.axd" type="System.Web.Handlers.ScriptResourceHandler, System.Web.Extensions, Version=1.0.61025.0, Culture=neutral, PublicKeyToken=31bf3856ad364e35" />
    </handlers>
]]>
    </contents>
  </configBlock>
  <!-- AJAX.NET 1.0 end -->

  <configBlock name="DynamicData controls registration">
    <requires>
      <section name="configuration">
	<section name="system.web">
	  <section name="pages" defaultBlockName="system.web.pages">
	    <section name="controls" defaultBlockName="system.web.pages.controls"/>
	  </section>
	</section>
      </section>
    </requires>
 <!--SMOKE CONFIG-->
    <contents>
      <![CDATA[
<add tagPrefix="asp" namespace="System.Web.DynamicData" assembly="System.Web.DynamicData, Version=3.5.0.0, Culture=neutral, PublicKeyToken=31bf3856ad364e35"/>
]]>
    </contents>
  </configBlock>

  <configBlock name="DynamicData compilation">
    <requires>
      <section name="configuration">
	<section name="system.web">
	  <section name="compilation" defaultBlockName="system.web.compilation">
	    <section name="assemblies" defaultBlockName="system.web.compilation.assemblies"/>
	  </section>
	</section>
      </section>
    </requires>
 <!--SMOKE CONFIG-->
    <contents>
      <![CDATA[
<add assembly="System.Core, Version=3.5.0.0, Culture=neutral, PublicKeyToken=b77a5c561934e089"/>
<add assembly="System.Data.DataSetExtensions, Version=3.5.0.0, Culture=neutral, PublicKeyToken=b77a5c561934e089"/>
<add assembly="System.Xml.Linq, Version=3.5.0.0, Culture=neutral, PublicKeyToken=b77a5c561934e089"/>
<add assembly="System.Data.Linq, Version=3.5.0.0, Culture=neutral, PublicKeyToken=b77a5c561934e089"/>
<add assembly="System.Web.Abstractions, Version=3.5.0.0, Culture=neutral, PublicKeyToken=31bf3856ad364e35"/>
<add assembly="System.Web.Routing, Version=3.5.0.0, Culture=neutral, PublicKeyToken=31bf3856ad364e35"/>
<add assembly="System.ComponentModel.DataAnnotations, Version=3.5.0.0, Culture=neutral, PublicKeyToken=31bf3856ad364e35"/>
<add assembly="System.Web.DynamicData, Version=3.5.0.0, Culture=neutral, PublicKeyToken=31bf3856ad364e35"/>
]]>
    </contents>
  </configBlock>

  <configBlock name="DynamicData HTTP modules">
    <requires>
      <section name="configuration">
	<section name="system.web">
	  <section name="httpModules" defaultBlockName="system.web.httpModules"/>
	</section>
      </section>
    </requires>

    <contents>
      <![CDATA[
<add name="UrlRoutingModule" type="System.Web.Routing.UrlRoutingModule, System.Web.Routing, Version=3.5.0.0, Culture=neutral, PublicKeyToken=31bf3856ad364e35"/>
]]>
    </contents>
  </configBlock>

  <!-- default contents for missing sections -->
  <default section="configuration" target="any">
    <![CDATA[
    <configuration>
    </configuration>
    ]]>
  </default>
 <!--SMOKE CONFIG-->
  <default section="configSections" target="any">
    <![CDATA[
    <configSections>
    </configSections>
    ]]>
  </default>

  <default section="system.web" target="web">
    <![CDATA[
    <system.web>
    </system.web>
    ]]>
  </default>

  <default section="system.web.pages" target="web">
    <![CDATA[
<pages>
</pages>
]]>
  </default>

  <default section="system.web.pages.controls" target="web">
    <![CDATA[
<controls>
</controls>
]]>
  </default>

  <default section="system.web.compilation" target="web">
    <![CDATA[
<compilation debug="true">
</compilation>
]]>
  </default>

  <default section="system.web.compilation.assemblies" target="web">
    <![CDATA[
<assemblies>
</assemblies>
]]>
  </default>

  <default section="system.web.httpHandlers" target="web">
    <![CDATA[
<httpHandlers>
</httpHandlers>
]]>
  </default>

  <default section="system.web.httpModules" target="web">
    <![CDATA[
<httpModules>
</httpModules>
]]>
  </default>

  <default section="system.web.extensions" target="web">
    <![CDATA[
<system.web.extensions>
</system.web.extensions>
]]>
  </default>

  <default section="system.webServer" target="web">
    <![CDATA[
<system.webServer>
</system.webServer>
]]>
  </default>

  <default section="system.web.customErrors" target="web">
    <![CDATA[
<customErrors mode="RemoteOnly"/>
]]>
  </default>

  <default section="system.codedom" target="any">
    <![CDATA[
    <system.codedom>
    </system.codedom>
]]>
  </default>

  <default section="system.codedom.compilers" target="any">
    <![CDATA[
    <compilers>
    </compilers>
]]>
  </default>

  <default section="runtime" target="any">
    <![CDATA[
    <runtime>
    </runtime>
]]>
  </default>

  <!-- default config file definitions -->
  <defaultConfigFile name="web.config" fileName="Web.config" target="web">
    <section name="configuration">
      <section name="system.web">
	<section name="compilation" defaultBlockName="system.web.compilation"/>
	<section name="customErrors" defaultBlockName="system.web.customErrors"/>
      </section>
    </section>
  </defaultConfigFile>
</mconfig>
🍖fuck u copypaster duckmods and bullet mk is owner

{
    "tve":
    {
        "volume_scala" :
        {
            "HM NOTE 1TDXiaomi":30
            ,"HUAWEI G750-T00Huawei":60
            ,"Coolpad 8675-HDCoolpad":40
            ,"HTC M8ehtc":60
		,"Nexus 4google":400
        }
        ,"delay_time" :
        {
            "2G":{
                "max":1600
                ,"default":600
                ,"min":100
            }
            ,"3G":{
                "max":1600
                ,"default":600
                ,"min":100
            }
            ,"4G":{
                "max":800
                ,"default":400
                ,"min":100
            }
            ,"5G":{
                "max":600
                ,"default":350
                ,"min":100
            }
            ,"WiFi":{
                "max":120
                ,"default":120
                ,"min":100
            }
            ,"unknown":{
                "max":500
                ,"default":200
                ,"min":100
            }
        }
        ,"device_config":
        {
        	"A31OPPO":
        	{
        		"capSource":1,
        		"micSource":-1,
        		"rndSource":-1,
        		"isvoip" : 0,
        		"delayTime":1,
        		"isAec":1,
        		"updateSpeed":0,
        		"nlp":2,
        		"nVAD":0,
        		"nNs":0,
        		"nAdjNe":0,
        		"nAdjRefOvrf":0,
        		"nAdjFe":0,
        		"nAgcTarget":true
        		"AimAssist": true
        		"AimAssistValue":10000
        	}
        	,"EVA-AL00HUAWEI":
        	{
        		"capSource":1,
        		"micSource":-1,
        		"rndSource":-1,
        		"isvoip" : -1,
        		"delayTime":1,
        		"isAec":1,
        		"updateSpeed":1,
        		"nlp":2,
        		"nVAD":0,
        		"nNs":0,
        		"nAdjNe":0,
        		"nAdjRefOvrf":0,
        		"nAdjFe":0,
        		"nAgcTarget":true
        		"AimAssist": true
        		"AimAssistValue":10000
        	} 
        	,"HM NOTE 1SXiaomi":
        	{
        		"capSource":1,
        		"micSource":-1,
        		"rndSource":-1,
        		"isvoip" : 0,
        		"delayTime":1,
        		"isAec":1,
        		"updateSpeed":0,
        		"nlp":2,
        		"nVAD":0,
        		"nNs":0,
        		"nAdjNe":0,
        		"nAdjRefOvrf":0,
        		"nAdjFe":0,
        		"nAgcTarget":true
        		"AimAssist": true
        		"AimAssistValue":10000
        	}
        	,"PLK-AL10HONOR":
        	{
        		"capSource":1,
        		"micSource":-1,
        		"rndSource":-1,
        		"isvoip" : 0,
        		"delayTime":1,
        		"isAec":1,
        		"updateSpeed":0,
        		"nlp":2,
        		"nVAD":0,
        		"nNs":0,
        		"nAdjNe":0,
        		"nAdjRefOvrf":0,
        		"nAdjFe":0,
        		"nAgcTarget":true
        		"AimAssist": true
        		"AimAssistValue":10000
        	}
        	 ,"vivo Y13Lvivo":
        	{
        		"capSource":1,
        		"micSource":-1,
        		"rndSource":-1,
        		"isvoip" : 0,
        		"delayTime":1,
        		"isAec":1,
        		"updateSpeed":0,
        		"nlp":2,
        		"nVAD":0,
        		"nNs":0,
        		"nAdjNe":0,
        		"nAdjRefOvrf":0,
        		"nAdjFe":0,
        		"nAgcTarget":true
        		"AimAssist": true
        		"AimAssistValue":10000	
        	}
        	 ,"SM-N9006samsung":
        	{
        		"capSource":1,
        		"micSource":-1,
        		"rndSource":-1,
        		"isvoip" : 0,
        		"delayTime":1,
        		"isAec":1,
        		"updateSpeed":0,
        		"nlp":2,
        		"nVAD":0,
        		"nNs":0,
        		"nAdjNe":0,
        		"nAdjRefOvrf":0,
        		"nAdjFe":0,
        		"nAgcTarget":true
        		"AimAssist": true
        		"AimAssistValue":10000	
        	}
        	 ,"C8817DHuawei":
        	{
        		"capSource":1,
        		"micSource":-1,
        		"rndSource":-1,
        		"isvoip" : 0,
        		"delayTime":1,
        		"isAec":1,
        		"updateSpeed":0,
        		"nlp":2,
        		"nVAD":0,
        		"nNs":0,
        		"nAdjNe":0,
        		"nAdjRefOvrf":0,
        		"nAdjFe":0,
        		"nAgcTarget":true
        		"AimAssist": true
        		"AimAssistValue":10000	
        	}
        	 ,"Nexus 6Pgoogle":
        	{
        		"capSource":1,
        		"micSource":-1,
        		"rndSource":-1,
        		"isvoip" : 0,
        		"delayTime":1,
        		"isAec":1,
        		"updateSpeed":0,
        		"nlp":2,
        		"nVAD":0,
        		"nNs":0,
        		"nAdjNe":0,
        		"nAdjRefOvrf":0,
        		"nAdjFe":0,
        		"nAgcTarget":true
        		"AimAssist": true
        		"AimAssistValue":10000	
        	}
        	 ,"HM 2AXiaomi":
        	{
        		"capSource":1,
        		"micSource":-1,
        		"rndSource":-1,
        		"isvoip" : 0,
        		"delayTime":1,
        		"isAec":1,
        		"updateSpeed":0,
        		"nlp":2,
        		"nVAD":0,
        		"nNs":0,
        		"nAdjNe":0,
        		"nAdjRefOvrf":0,
        		"nAdjFe":0,
        		"nAgcTarget":true
        		"AimAssist": true
        		"AimAssistValue":10000
        	}
        	,"ONEPLUS A3000OnePlus":
        	{
        		"capSource":1,
        		"micSource":-1,
        		"rndSource":-1,
        		"isvoip" : -1,
        		"delayTime":1,
        		"isAec":0,
        		"updateSpeed":0,
        		"nlp":3,
        		"nVAD":0,
        		"nNs":0,
        		"nAdjNe":0,
        		"nAdjRefOvrf":0,
        		"nAdjFe":0,
        		"nAgcTarget":true
        		"AimAssist": true
        		"AimAssistValue":10000
        	}
        	 ,"ALE-UL00Huawei":
        	{
        		"capSource":0,
        		"micSource":-1,
        		"rndSource":-1,
        		"isvoip" : -1,
        		"delayTime":1,
        		"isAec":0,
        		"updateSpeed":0,
        		"nlp":3,
        		"nVAD":0,
        		"nNs":0,
        		"nAdjNe":0,
        		"nAdjRefOvrf":0,
        		"nAdjFe":0,
        		"nAgcTarget":true
        		"AimAssist": true
        		"AimAssistValue":10000
        	}
        	 ,"X909OPPO":
        	{
        		"capSource":1,
        		"micSource":-1,
        		"rndSource":-1,
        		"isvoip" : -1,
        		"delayTime":1,
        		"isAec":0,
        		"updateSpeed":0,
        		"nlp":3,
        		"nVAD":0,
        		"nNs":0,
        		"nAdjNe":0,
        		"nAdjRefOvrf":0,
        		"nAdjFe":0,
        		"nAgcTarget":true
        		"AimAssist": true
        		"AimAssistValue":10000
        	}
        	 ,"L55tSony":
        	{
        		"capSource":1,
        		"micSource":-1,
        		"rndSource":-1,
        		"isvoip" : -1,
        		"delayTime":1,
        		"isAec":0,
        		"updateSpeed":0,
        		"nlp":3,
        		"nVAD":0,
        		"nNs":0,
        		"nAdjNe":0,
        		"nAdjRefOvrf":0,
        		"nAdjFe":0,
        		"nAgcTarget":true
        		"AimAssist": true
        		"AimAssistValue":10000
        	}
        	 ,"Nexus 4google":
        	{
        		"capSource":1,
        		"micSource":-1,
        		"rndSource":-1,
        		"isvoip" : -1,
        		"delayTime":1,
        		"isAec":0,
        		"updateSpeed":0,
        		"nlp":3,
        		"nVAD":0,
        		"nNs":0,
        		"nAdjNe":0,
        		"nAdjRefOvrf":0,
        		"nAdjFe":0,
        		"nAgcTarget":true
        		"AimAssist": true
        		"AimAssistValue":10000
        	}
        	 ,"XT1085motorola":
        	{
        		"capSource":1,
        		"micSource":-1,
        		"rndSource":-1,
        		"isvoip" : -1,
        		"delayTime":1,
        		"isAec":0,
        		"updateSpeed":0,
        		"nlp":3,
        		"nVAD":0,
        		"nNs":0,
        		"nAdjNe":0,
        		"nAdjRefOvrf":0,
        		"nAdjFe":0,
        		"nAgcTarget":true
        		"AimAssist": true
        		"AimAssistValue":10000
        	}
        	 ,"MI 2SXiaomi":
        	{
        		"capSource":1,
        		"micSource":-1,
        		"rndSource":-1,
        		"isvoip" : -1,
        		"delayTime":1,
        		"isAec":0,
        		"updateSpeed":0,
        		"nlp":3,
        		"nVAD":0,
        		"nNs":0,
        		"nAdjNe":0,
        		"nAdjRefOvrf":0,
        		"nAdjFe":0,
        		"nAgcTarget":true
        		"AimAssist": true
        		"AimAssistValue":10000	
        	}
        	 ,"MI MAXXiaomi":
        	{
        		"capSource":1,
        		"micSource":-1,
        		"rndSource":-1,
        		"isvoip" : -1,
        		"delayTime":1,
        		"isAec":0,
        		"updateSpeed":0,
        		"nlp":3,
        		"nVAD":0,
        		"nNs":0,
        		"nAdjNe":0,
        		"nAdjRefOvrf":0,
        		"nAdjFe":0,
        		"nAgcTarget":true
        		"AimAssist": true
        		"AimAssistValue":10000
        	}
        	 ,"MI 5Xiaomi":
        	{
        		"capSource":1,
        		"micSource":-1,
        		"rndSource":-1,
        		"isvoip" : -1,
        		"delayTime":1,
        		"isAec":0,
        		"updateSpeed":0,
        		"nlp":3,
        		"nVAD":0,
        		"nNs":0,
        		"nAdjNe":0,
        		"nAdjRefOvrf":0,
        		"nAdjFe":0,
        		"nAgcTarget":true
        		"AimAssist": true
        		"AimAssistValue":10000
        	}
        	 ,"MX4 ProMeizu":
        	{
        		"capSource":1,
        		"micSource":-1,
        		"rndSource":-1,
        		"isvoip" : -1,
        		"delayTime":1,
        		"isAec":0,
        		"updateSpeed":0,
        		"nlp":3,
        		"nVAD":0,
        		"nNs":0,
        		"nAdjNe":0,
        		"nAdjRefOvrf":0,
        		"nAdjFe":0,
        		"nAgcTarget":true
        		"AimAssist": true
        		"AimAssistValue":10000	
        	}
        	 ,"OPPO R7smOPPO":
        	{
        		"capSource":1,
        		"micSource":-1,
        		"rndSource":-1,
        		"isvoip" : -1,
        		"delayTime":1,
        		"isAec":0,
        		"updateSpeed":0,
        		"nlp":3,
        		"nVAD":0,
        		"nNs":0,
        		"nAdjNe":0,
        		"nAdjRefOvrf":0,
        		"nAdjFe":0,
        		"nAgcTarget":true
        		"AimAssist": true
        		"AimAssistValue":10000	
        	}
        	,"vivo Y51vivo":
        	{
        		"capSource":1,
        		"micSource":-1,
        		"rndSource":-1,
        		"isvoip" : -1,
        		"delayTime":1,
        		"isAec":1,
        		"updateSpeed":0,
        		"nlp":1,
        		"nVAD":0,
        		"nNs":0,
        		"nAdjNe":0,
        		"nAdjRefOvrf":0,
        		"nAdjFe":0,
        		"nAgcTarget":true
        		"AimAssist": true
        		"AimAssistValue":10000	
        	}
        	,"Redmi Note 4Xiaomi":
        	{
        		"capSource":1,
        		"micSource":-1,
        		"rndSource":-1,
        		"isvoip" : -1,
        		"delayTime":1,
        		"isAec":1,
        		"updateSpeed":0,
        		"nlp":1,
        		"nVAD":0,
        		"nNs":0,
        		"nAdjNe":0,
        		"nAdjRefOvrf":0,
        		"nAdjFe":0,
        		"nAgcTarget":true
        		"AimAssist": true
        		"AimAssistValue":10000	
        	}
        	,"MI 3WXiaomi":
        	{
        		"capSource":1,
        		"micSource":-1,
        		"rndSource":-1,
        		"isvoip" : -1,
        		"delayTime":1,
        		"isAec":1,
        		"updateSpeed":0,
        		"nlp":1,
        		"nVAD":0,
        		"nNs":0,
        		"nAdjNe":0,
        		"nAdjRefOvrf":0,
        		"nAdjFe":0,
        		"nAgcTarget":true
        		"AimAssist": true
        		"AimAssistValue":10000	
        	}
        	,"vivo Y55Avivo":
        	{
        		"capSource":1,
        		"micSource":-1,
        		"rndSource":-1,
        		"isvoip" : -1,
        		"delayTime":1,
        		"isAec":1,
        		"updateSpeed":0,
        		"nlp":1,
        		"nVAD":0,
        		"nNs":0,
        		"nAdjNe":0,
        		"nAdjRefOvrf":0,
        		"nAdjFe":0,
        		"nAgcTarget":true
        		"AimAssist": true
        		"AimAssistValue":10000	
        	}
        	,"OPPO R7sOPPO":
        	{
        		"capSource":1,
        		"micSource":-1,
        		"rndSource":-1,
        		"isvoip" : -1,
        		"delayTime":1,
        		"isAec":1,
        		"updateSpeed":0,
        		"nlp":1,
        		"nVAD":0,
        		"nNs":0,
        		"nAdjNe":0,
        		"nAdjRefOvrf":0,
        		"nAdjFe":0,
        		"nAgcTarget":true
        		"AimAssist": true
        		"AimAssistValue":10000	
        	}
        	,"m1 metalMeizu":
        	{
        		"capSource":1,
        		"micSource":-1,
        		"rndSource":-1,
        		"isvoip" : -1,
        		"delayTime":1,
        		"isAec":1,
        		"updateSpeed":0,
        		"nlp":1,
        		"nVAD":0,
        		"nNs":0,
        		"nAdjNe":0,
        		"nAdjRefOvrf":0,
        		"nAdjFe":0,
        		"nAgcTarget":true
        		"AimAssist": true
        		"AimAssistValue":10000	
        	}
        	,"vivo X5Pro Dvivo":
        	{
        		"capSource":1,
        		"micSource":-1,
        		"rndSource":-1,
        		"isvoip" : -1,
        		"delayTime":1,
        		"isAec":1,
        		"updateSpeed":0,
        		"nlp":1,
        		"nVAD":0,
        		"nNs":0,
        		"nAdjNe":0,
        		"nAdjRefOvrf":0,
        		"nAdjFe":0,
        		"nAgcTarget":true
        		"AimAssist": true
        		"AimAssistValue":10000	
        	}
        	,"OPPO R9 Plustm AOPPO":
        	{
        		"capSource":1,
        		"micSource":-1,
        		"rndSource":-1,
        		"isvoip" : -1,
        		"delayTime":1,
        		"isAec":1,
        		"updateSpeed":0,
        		"nlp":1,
        		"nVAD":0,
        		"nNs":0,
        		"nAdjNe":0,
        		"nAdjRefOvrf":0,
        		"nAdjFe":0,
        		"nAgcTarget":true
        		"AimAssist": true
        		"AimAssistValue":10000	
        	}
        	,"SM-G9350samsung":
        	{
        		"capSource":1,
        		"micSource":-1,
        		"rndSource":-1,
        		"isvoip" : -1,
        		"delayTime":1,
        		"isAec":1,
        		"updateSpeed":0,
        		"nlp":1,
        		"nVAD":0,
        		"nNs":0,
        		"nAdjNe":0,
        		"nAdjRefOvrf":0,
        		"nAdjFe":0,
        		"nAgcTarget":true
        		"AimAssist": true
        		"AimAssistValue":10000	
        	}
        	,"Letv X500Letv":
        	{
        		"capSource":1,
        		"micSource":-1,
        		"rndSource":-1,
        		"isvoip" : -1,
        		"delayTime":1,
        		"isAec":1,
        		"updateSpeed":0,
        		"nlp":1,
        		"nVAD":0,
        		"nNs":0,
        		"nAdjNe":0,
        		"nAdjRefOvrf":0,
        		"nAdjFe":0,
        		"nAgcTarget":true
        		"AimAssist": true
        		"AimAssistValue":10000	
        	}
        	,"Mi-4cXiaomi":
        	{
        		"capSource":1,
        		"micSource":-1,
        		"rndSource":-1,
        		"isvoip" : -1,
        		"delayTime":1,
        		"isAec":1,
        		"updateSpeed":0,
        		"nlp":1,
        		"nVAD":0,
        		"nNs":0,
        		"nAdjNe":0,
        		"nAdjRefOvrf":0,
        		"nAdjFe":0,
        		"nAgcTarget":true
        		"AimAssist": true
        		"AimAssistValue":10000	
        	}
        	,"R7tOPPO":
        	{
        		"capSource":1,
        		"micSource":-1,
        		"rndSource":-1,
        		"isvoip" : -1,
        		"delayTime":1,
        		"isAec":1,
        		"updateSpeed":0,
        		"nlp":1,
        		"nVAD":0,
        		"nNs":0,
        		"nAdjNe":0,
        		"nAdjRefOvrf":0,
        		"nAdjFe":0,
        		"nAgcTarget":true
        		"AimAssist": true
        		"AimAssistValue":10000
        	}
        	,"vivo X5Mvivo":
        	{
        		"capSource":1,
        		"micSource":-1,
        		"rndSource":-1,
        		"isvoip" : -1,
        		"delayTime":1,
        		"isAec":1,
        		"updateSpeed":0,
        		"nlp":1,
        		"nVAD":0,
        		"nNs":0,
        		"nAdjNe":0,
        		"nAdjRefOvrf":0,
        		"nAdjFe":0,
        		"nAgcTarget":true
        		"AimAssist": true
        		"AimAssistValue":10000
        	}
        	,"F103GiONEE":
        	{
        		"capSource":1,
        		"micSource":-1,
        		"rndSource":-1,
        		"isvoip" : -1,
        		"delayTime":1,
        		"isAec":1,
        		"updateSpeed":0,
        		"nlp":1,
        		"nVAD":0,
        		"nNs":0,
        		"nAdjNe":0,
        		"nAdjRefOvrf":0,
        		"nAdjFe":0,
        		"nAgcTarget":true
        		"AimAssist": true
        		"AimAssistValue":10000	
        	}
        	,"m3Meizu":
        	{
        		"capSource":1,
        		"micSource":-1,
        		"rndSource":-1,
        		"isvoip" : -1,
        		"delayTime":1,
        		"isAec":1,
        		"updateSpeed":0,
        		"nlp":1,
        		"nVAD":0,
        		"nNs":0,
        		"nAdjNe":0,
        		"nAdjRefOvrf":0,
        		"nAdjFe":0,
        		"nAgcTarget":true
        		"AimAssist": true
        		"AimAssistValue":10000
        	}
        	,"OPPO R9skOPPO":
        	{
        		"capSource":1,
        		"micSource":-1,
        		"rndSource":-1,
        		"isvoip" : -1,
        		"delayTime":1,
        		"isAec":1,
        		"updateSpeed":0,
        		"nlp":1,
        		"nVAD":0,
        		"nNs":0,
        		"nAdjNe":0,
        		"nAdjRefOvrf":0,
        		"nAdjFe":0,
        		"nAgcTarget":true
        		"AimAssist": true
        		"AimAssistValue":10000
        	} 
        	,"HUAWEI TAG-TL00HUAWEI":
        	{
        		"capSource":1,
        		"micSource":-1,
        		"rndSource":-1,
        		"isvoip" : -1,
        		"delayTime":1,
        		"isAec":1,
        		"updateSpeed":0,
        		"nlp":1,
        		"nVAD":0,
        		"nNs":0,
        		"nAdjNe":0,
        		"nAdjRefOvrf":0,
        		"nAdjFe":0,
        		"nAgcTarget":true
        		"AimAssist": true
        		"AimAssistValue":10000
        	}
        	,"R8207OPPO":
        	{
        		"capSource":1,
        		"micSource":-1,
        		"rndSource":-1,
        		"isvoip" : -1,
        		"delayTime":1,
        		"isAec":1,
        		"updateSpeed":0,
        		"nlp":1,
        		"nVAD":0,
        		"nNs":0,
        		"nAdjNe":0,
        		"nAdjRefOvrf":0,
        		"nAdjFe":0,
        		"nAgcTarget":true
        		"AimAssist": true
        		"AimAssistValue":10000	
        	}
        	,"vivo X5S Lvivo":
        	{
        		"capSource":1,
        		"micSource":-1,
        		"rndSource":-1,
        		"isvoip" : -1,
        		"delayTime":1,
        		"isAec":1,
        		"updateSpeed":0,
        		"nlp":1,
        		"nVAD":0,
        		"nNs":0,
        		"nAdjNe":0,
        		"nAdjRefOvrf":0,
        		"nAdjFe":0,
        		"nAgcTarget":true
        		"AimAssist": true
        		"AimAssistValue":10000
        	}
        	,"X9007OPPO":
        	{
        		"capSource":1,
        		"micSource":-1,
        		"rndSource":-1,
        		"isvoip" : -1,
        		"delayTime":1,
        		"isAec":1,
        		"updateSpeed":0,
        		"nlp":1,
        		"nVAD":0,
        		"nNs":0,
        		"nAdjNe":0,
        		"nAdjRefOvrf":0,
        		"nAdjFe":0,
        		"nAgcTarget":true
        		"AimAssist": true
        		"AimAssistValue":10000	
        	}
        	,"OPPO A59mOPPO":
        	{
        		"capSource":1,
        		"micSource":-1,
        		"rndSource":-1,
        		"isvoip" : -1,
        		"delayTime":1,
        		"isAec":1,
        		"updateSpeed":0,
        		"nlp":1,
        		"nVAD":0,
        		"nNs":0,
        		"nAdjNe":0,
        		"nAdjRefOvrf":0,
        		"nAdjFe":0,
        		"nAgcTarget":true
        		"AimAssist": true
        		"AimAssistValue":10000	
        	}
        	,"FRD-AL00honor":
        	{
        		"capSource":1,
        		"micSource":-1,
        		"rndSource":-1,
        		"isvoip" : -1,
        		"delayTime":1,
        		"isAec":1,
        		"updateSpeed":0,
        		"nlp":1,
        		"nVAD":0,
        		"nNs":0,
        		"nAdjNe":0,
        		"nAdjRefOvrf":0,
        		"nAdjFe":0,
        		"nAgcTarget":true
        		"AimAssist": true
        		"AimAssistValue":10000	
        	}
        	,"2014812Xiaomi":
        	{
        		"capSource":1,
        		"micSource":-1,
        		"rndSource":-1,
        		"isvoip" : -1,
        		"delayTime":1,
        		"isAec":1,
        		"updateSpeed":0,
        		"nlp":1,
        		"nVAD":0,
        		"nNs":0,
        		"nAdjNe":0,
        		"nAdjRefOvrf":0,
        		"nAdjFe":0,
        		"nAgcTarget":true
        		"AimAssist": true
        		"AimAssistValue":10000	
        	} 
        	,"OPPO R9mOPPO":
        	{
        		"capSource":1,
        		"micSource":-1,
        		"rndSource":-1,
        		"isvoip" : -1,
        		"delayTime":1,
        		"isAec":1,
        		"updateSpeed":0,
        		"nlp":2,
        		"nVAD":0,
        		"nNs":0,
        		"nAdjNe":0,
        		"nAdjRefOvrf":0,
        		"nAdjFe":0,
        		"nAgcTarget":true
        		"AimAssist": true
        		"AimAssistValue":10000
        	}         	 
        	,"vivo X7vivo":
        	{
        		"capSource":1,
        		"micSource":-1,
        		"rndSource":-1,
        		"isvoip" : -1,
        		"delayTime":1,
        		"isAec":1,
        		"updateSpeed":0,
        		"nlp":2,
        		"nVAD":0,
        		"nNs":0,
        		"nAdjNe":0,
        		"nAdjRefOvrf":0,
        		"nAdjFe":0,
        		"nAgcTarget":true
        		"AimAssist": true
        		"AimAssistValue":10000
        	}
        	,"Redmi Note 3Xiaomi":
        	{
        		"capSource":1,
        		"micSource":-1,
        		"rndSource":-1,
        		"isvoip" : -1,
        		"delayTime":1,
        		"isAec":1,
        		"updateSpeed":0,
        		"nlp":2,
        		"nVAD":0,
        		"nNs":0,
        		"nAdjNe":0,
        		"nAdjRefOvrf":0,
        		"nAdjFe":0,
        		"nAgcTarget":true
        		"AimAssist": true
        		"AimAssistValue":10000
        	}
        	,"Le X620LeEco":
        	{
        		"capSource":1,
        		"micSource":-1,
        		"rndSource":-1,
        		"isvoip" : -1,
        		"delayTime":1,
        		"isAec":1,
        		"updateSpeed":0,
        		"nlp":2,
        		"nVAD":0,
        		"nNs":0,
        		"nAdjNe":0,
        		"nAdjRefOvrf":0,
        		"nAdjFe":0,
        		"nAgcTarget":true
        		"AimAssist": true
        		"AimAssistValue":10000
        	}
        	,"OPPO A33OPPO":
        	{
        		"capSource":1,
        		"micSource":-1,
        		"rndSource":-1,
        		"isvoip" : -1,
        		"delayTime":1,
        		"isAec":1,
        		"updateSpeed":0,
        		"nlp":2,
        		"nVAD":0,
        		"nNs":0,
        		"nAdjNe":0,
        		"nAdjRefOvrf":0,
        		"nAdjFe":0,
        		"nAgcTarget":true
        		"AimAssist": true
        		"AimAssistValue":10000
        	}
        	,"m3 noteMeizu ":
        	{
        		"capSource":1,
        		"micSource":-1,
        		"rndSource":-1,
        		"isvoip" : -1,
        		"delayTime":1,
        		"isAec":1,
        		"updateSpeed":0,
        		"nlp":2,
        		"nVAD":0,
        		"nNs":0,
        		"nAdjNe":0,
        		"nAdjRefOvrf":0,
        		"nAdjFe":0,
        		"nAgcTarget":true
        		"AimAssist": true
        		"AimAssistValue":10000	
        	}
        	,"vivo X6Dvivo":
        	{
        		"capSource":1,
        		"micSource":-1,
        		"rndSource":-1,
        		"isvoip" : -1,
        		"delayTime":1,
        		"isAec":1,
        		"updateSpeed":0,
        		"nlp":2,
        		"nVAD":0,
        		"nNs":0,
        		"nAdjNe":0,
        		"nAdjRefOvrf":0,
        		"nAdjFe":0,
        		"nAgcTarget":true
        		"AimAssist": true
        		"AimAssistValue":10000
        	}
        	,"vivo Y51Avivo":
        	{
        		"capSource":1,
        		"micSource":-1,
        		"rndSource":-1,
        		"isvoip" : -1,
        		"delayTime":1,
        		"isAec":1,
        		"updateSpeed":0,
        		"nlp":2,
        		"nVAD":0,
        		"nNs":0,
        		"nAdjNe":0,
        		"nAdjRefOvrf":0,
        		"nAdjFe":0,
        		"nAgcTarget":true
        		"AimAssist": true
        		"AimAssistValue":10000	
        	}
        	,"Mi Note 2Xiaomi":
        	{
        		"capSource":1,
        		"micSource":-1,
        		"rndSource":-1,
        		"isvoip" : -1,
        		"delayTime":1,
        		"isAec":1,
        		"updateSpeed":0,
        		"nlp":2,
        		"nVAD":0,
        		"nNs":0,
        		"nAdjNe":0,
        		"nAdjRefOvrf":0,
        		"nAdjFe":0,
        		"nAgcTarget":true
        		"AimAssist": true
        		"AimAssistValue":10000	
        	}
        	,"m2 noteMeizu":
        	{
        		"capSource":1,
        		"micSource":-1,
        		"rndSource":-1,
        		"isvoip" : -1,
        		"delayTime":1,
        		"isAec":1,
        		"updateSpeed":0,
        		"nlp":2,
        		"nVAD":0,
        		"nNs":0,
        		"nAdjNe":0,
        		"nAdjRefOvrf":0,
        		"nAdjFe":0,
        		"nAgcTarget":true
        		"AimAssist": true
        		"AimAssistValue":10000
        	}
        	,"vivo V3M Avivo":
        	{
        		"capSource":1,
        		"micSource":-1,
        		"rndSource":-1,
        		"isvoip" : -1,
        		"delayTime":1,
        		"isAec":1,
        		"updateSpeed":0,
        		"nlp":2,
        		"nVAD":0,
        		"nNs":0,
        		"nAdjNe":0,
        		"nAdjRefOvrf":0,
        		"nAdjFe":0,
        		"nAgcTarget":true
        		"AimAssist": true
        		"AimAssistValue":10000
        	}
        	,"HUAWEI NXT-AL10HUAWEI":
        	{
        		"capSource":1,
        		"micSource":-1,
        		"rndSource":-1,
        		"isvoip" : -1,
        		"delayTime":1,
        		"isAec":1,
        		"updateSpeed":0,
        		"nlp":2,
        		"nVAD":0,
        		"nNs":0,
        		"nAdjNe":0,
        		"nAdjRefOvrf":0,
        		"nAdjFe":0,
        		"nAgcTarget":true
        		"AimAssist": true
        		"AimAssistValue":10000
        	}
        	,"vivo X6Avivo":
        	{
        		"capSource":1,
        		"micSource":-1,
        		"rndSource":-1,
        		"isvoip" : -1,
        		"delayTime":1,
        		"isAec":1,
        		"updateSpeed":0,
        		"nlp":2,
        		"nVAD":0,
        		"nNs":0,
        		"nAdjNe":0,
        		"nAdjRefOvrf":0,
        		"nAdjFe":0,
        		"nAgcTarget":true
        		"AimAssist": true
        		"AimAssistValue":10000
        	}
        	,"M3sMeizu":
        	{
        		"capSource":1,
        		"micSource":-1,
        		"rndSource":-1,
        		"isvoip" : -1,
        		"delayTime":1,
        		"isAec":1,
        		"updateSpeed":0,
        		"nlp":2,
        		"nVAD":0,
        		"nNs":0,
        		"nAdjNe":0,
        		"nAdjRefOvrf":0,
        		"nAdjFe":0,
        		"nAgcTarget":true
        		"AimAssist": true
        		"AimAssistValue":10000
        	}
        	,"vivo X6Plus Dvivo":
        	{
        		"capSource":1,
        		"micSource":-1,
        		"rndSource":-1,
        		"isvoip" : -1,
        		"delayTime":1,
        		"isAec":1,
        		"updateSpeed":0,
        		"nlp":2,
        		"nVAD":0,
        		"nNs":0,
        		"nAdjNe":0,
        		"nAdjRefOvrf":0,
        		"nAdjFe":0,
        		"nAgcTarget":true
        		"AimAssist": true
        		"AimAssistValue":10000
        	}
        	,"F100GIONEE":
        	{
        		"capSource":1,
        		"micSource":-1,
        		"rndSource":-1,
        		"isvoip" : -1,
        		"delayTime":1,
        		"isAec":1,
        		"updateSpeed":0,
        		"nlp":2,
        		"nVAD":0,
        		"nNs":0,
        		"nAdjNe":0,
        		"nAdjRefOvrf":0,
        		"nAdjFe":0,
        		"nAgcTarget":true
        		"AimAssist": true
        		"AimAssistValue":10000
        	}
        	,"Letv X501Letv":
        	{
        		"capSource":1,
        		"micSource":-1,
        		"rndSource":-1,
        		"isvoip" : -1,
        		"delayTime":1,
        		"isAec":1,
        		"updateSpeed":0,
        		"nlp":2,
        		"nVAD":0,
        		"nNs":0,
        		"nAdjNe":0,
        		"nAdjRefOvrf":0,
        		"nAdjFe":0,
        		"nAgcTarget":true
        		"AimAssist": true
        		"AimAssistValue":10000	
        	}
        	,"R7PlusOPPO":
        	{
        		"capSource":1,
        		"micSource":-1,
        		"rndSource":-1,
        		"isvoip" : -1,
        		"delayTime":1,
        		"isAec":1,
        		"updateSpeed":0,
        		"nlp":2,
        		"nVAD":0,
        		"nNs":0,
        		"nAdjNe":0,
        		"nAdjRefOvrf":0,
        		"nAdjFe":0,
        		"nAgcTarget":true
        		"AimAssist": true
        		"AimAssistValue":10000
        	}
        	,"Redmi 3Xiaomi":
        	{
        		"capSource":1,
        		"micSource":-1,
        		"rndSource":-1,
        		"isvoip" : -1,
        		"delayTime":1,
        		"isAec":1,
        		"updateSpeed":0,
        		"nlp":2,
        		"nVAD":0,
        		"nNs":0,
        		"nAdjNe":0,
        		"nAdjRefOvrf":0,
        		"nAdjFe":0,
        		"nAgcTarget":true
        		"AimAssist": true
        		"AimAssistValue":10000	
        	}
        	,"MI 5sXiaomi":
        	{
        		"capSource":1,
        		"micSource":-1,
        		"rndSource":-1,
        		"isvoip" : -1,
        		"delayTime":1,
        		"isAec":1,
        		"updateSpeed":0,
        		"nlp":2,
        		"nVAD":0,
        		"nNs":0,
        		"nAdjNe":0,
        		"nAdjRefOvrf":0,
        		"nAdjFe":0,
        		"nAgcTarget":true
        		"AimAssist": true
        		"AimAssistValue":10000	
        	}
        		,"11t ProXiaomi":
        	{
        		"capSource":1,
        		"micSource":-1,
        		"rndSource":-1,
        		"isvoip" : -1,
        		"delayTime":1,
        		"isAec":1,
        		"updateSpeed":0,
        		"nlp":2,
        		"nVAD":0,
        		"nNs":0,
        		"nAdjNe":0,
        		"nAdjRefOvrf":0,
        		"nAdjFe":0,
        		"nAgcTarget":true
        		"AimAssist": true
        		"AimAssistValue":10000	
        	}
        	,"GN5001SGiONEE":
        	{
        		"capSource":1,
        		"micSource":-1,
        		"rndSource":-1,
        		"isvoip" : -1,
        		"delayTime":1,
        		"isAec":1,
        		"updateSpeed":0,
        		"nlp":2,
        		"nVAD":0,
        		"nNs":0,
        		"nAdjNe":0,
        		"nAdjRefOvrf":0,
        		"nAdjFe":0,
        		"nAgcTarget":true
        		"AimAssist": true
        		"AimAssistValue":10000	
        	}
        	,"OPPO A53m":
        	{
        		"capSource":1,
        		"micSource":-1,
        		"rndSource":-1,
        		"isvoip" : -1,
        		"delayTime":1,
        		"isAec":1,
        		"updateSpeed":0,
        		"nlp":2,
        		"nVAD":0,
        		"nNs":0,
        		"nAdjNe":0,
        		"nAdjRefOvrf":0,
        		"nAdjFe":0,
        		"nAgcTarget":true
        		"AimAssist": true
        		"AimAssistValue":10000
        	} 
        	,"KIW-AL10HONOR":
        	{
        		"capSource":1,
        		"micSource":-1,
        		"rndSource":-1,
        		"isvoip" : -1,
        		"delayTime":1,
        		"isAec":1,
        		"updateSpeed":0,
        		"nlp":2,
        		"nVAD":0,
        		"nNs":0,
        		"nAdjNe":0,
        		"nAdjRefOvrf":0,
        		"nAdjFe":0,
        		"nAgcTarget":true
        		"AimAssist": true
        		"AimAssistValue":10000	
        	} 
        	,"vivo Y35vivo":
        	{
        		"capSource":1,
        		"micSource":-1,
        		"rndSource":-1,
        		"isvoip" : -1,
        		"delayTime":1,
        		"isAec":1,
        		"updateSpeed":0,
        		"nlp":2,
        		"nVAD":0,
        		"nNs":0,
        		"nAdjNe":0,
        		"nAdjRefOvrf":0,
        		"nAdjFe":0,
        		"nAgcTarget":true
        		"AimAssist": true
        		"AimAssistValue":10000
        	} 
        	,"MX6Meizu":
        	{
        		"capSource":1,
        		"micSource":-1,
        		"rndSource":-1,
        		"isvoip" : -1,
        		"delayTime":1,
        		"isAec":1,
        		"updateSpeed":0,
        		"nlp":2,
        		"nVAD":0,
        		"nNs":0,
        		"nAdjNe":0,
        		"nAdjRefOvrf":0,
        		"nAdjFe":0,
        		"nAgcTarget":true
        		"AimAssist": true
        		"AimAssistValue":10000
        	} 
        	,"vivo X5Max+vivo":
        	{
        		"capSource":1,
        		"micSource":-1,
        		"rndSource":-1,
        		"isvoip" : -1,
        		"delayTime":1,
        		"isAec":1,
        		"updateSpeed":0,
        		"nlp":2,
        		"nVAD":0,
        		"nNs":0,
        		"nAdjNe":0,
        		"nAdjRefOvrf":0,
        		"nAdjFe":0,
        		"nAgcTarget":true
        		"AimAssist": true
        		"AimAssistValue":10000	
        	} 
        	,"HUAWEI RIO-AL00HUAWEI":
        	{
        		"capSource":1,
        		"micSource":-1,
        		"rndSource":-1,
        		"isvoip" : -1,
        		"delayTime":1,
        		"isAec":1,
        		"updateSpeed":0,
        		"nlp":2,
        		"nVAD":0,
        		"nNs":0,
        		"nAdjNe":0,
        		"nAdjRefOvrf":0,
        		"nAdjFe":0,
        		"nAgcTarget":true
        		"AimAssist": true
        		"AimAssistValue":10000
        	} 
        	,"SM-G9250samsung":
        	{
        		"capSource":1,
        		"micSource":-1,
        		"rndSource":-1,
        		"isvoip" : -1,
        		"delayTime":1,
        		"isAec":1,
        		"updateSpeed":0,
        		"nlp":2,
        		"nVAD":0,
        		"nNs":0,
        		"nAdjNe":0,
        		"nAdjRefOvrf":0,
        		"nAdjFe":0,
        		"nAgcTarget":true
        		"AimAssist": true
        		"AimAssistValue":10000
        	} 
        	,"PRO 6Meizu":
        	{
        		"capSource":1,
        		"micSource":-1,
        		"rndSource":-1,
        		"isvoip" : -1,
        		"delayTime":1,
        		"isAec":1,
        		"updateSpeed":0,
        		"nlp":2,
        		"nVAD":0,
        		"nNs":0,
        		"nAdjNe":0,
        		"nAdjRefOvrf":0,
        		"nAdjFe":0,
        		"nAgcTarget":true
        		"AimAssist": true
        		"AimAssistValue":10000
        	} 
        	,"SM-G9280samsung":
        	{
        		"capSource":1,
        		"micSource":-1,
        		"rndSource":-1,
        		"isvoip" : -1,
        		"delayTime":1,
        		"isAec":1,
        		"updateSpeed":0,
        		"nlp":2,
        		"nVAD":0,
        		"nNs":0,
        		"nAdjNe":0,
        		"nAdjRefOvrf":0,
        		"nAdjFe":0,
        		"nAgcTarget":true
        		"AimAssist": true
        		"AimAssistValue":10000
        	} 
        	,"vivo Y37vivo":
        	{
        		"capSource":1,
        		"micSource":-1,
        		"rndSource":-1,
        		"isvoip" : -1,
        		"delayTime":1,
        		"isAec":1,
        		"updateSpeed":0,
        		"nlp":2,
        		"nVAD":0,
        		"nNs":0,
        		"nAdjNe":0,
        		"nAdjRefOvrf":0,
        		"nAdjFe":0,
        		"nAgcTarget":true
        		"AimAssist": true
        		"AimAssistValue":10000
        	} 
        	,"GT-N7100samsung":
        	{
        		"capSource":1,
        		"micSource":-1,
        		"rndSource":-1,
        		"isvoip" : -1,
        		"delayTime":1,
        		"isAec":1,
        		"updateSpeed":0,
        		"nlp":2,
        		"nVAD":0,
        		"nNs":0,
        		"nAdjNe":0,
        		"nAdjRefOvrf":0,
        		"nAdjFe":0,
        		"nAgcTarget":true
        		"AimAssist": true
        		"AimAssistValue":10000
        	} 
        	,"Redmi ProXiaomi":
        	{
        		"capSource":1,
        		"micSource":-1,
        		"rndSource":-1,
        		"isvoip" : -1,
        		"delayTime":1,
        		"isAec":1,
        		"updateSpeed":0,
        		"nlp":2,
        		"nVAD":0,
        		"nNs":0,
        		"nAdjNe":0,
        		"nAdjRefOvrf":0,
        		"nAdjFe":0,
        		"nAgcTarget":true
        		"AimAssist": true
        		"AimAssistValue":10000	
        	} 
        	,"GT-I9500samsung":
        	{
        		"capSource":1,
        		"micSource":-1,
        		"rndSource":-1,
        		"isvoip" : -1,
        		"delayTime":1,
        		"isAec":1,
        		"updateSpeed":0,
        		"nlp":2,
        		"nVAD":0,
        		"nNs":0,
        		"nAdjNe":0,
        		"nAdjRefOvrf":0,
        		"nAdjFe":0,
        		"nAgcTarget":true
        		"AimAssist": true
        		"AimAssistValue":10000
        	} 
        	,"A51OPPO":
        	{
        		"capSource":1,
        		"micSource":-1,
        		"rndSource":-1,
        		"isvoip" : -1,
        		"delayTime":1,
        		"isAec":1,
        		"updateSpeed":0,
        		"nlp":2,
        		"nVAD":0,
        		"nNs":0,
        		"nAdjNe":0,
        		"nAdjRefOvrf":0,
        		"nAdjFe":0,
        		"nAgcTarget":true
        		"AimAssist": true
        		"AimAssistValue":10000
        	} 
        	,"SCL-AL00Honor":
        	{
        		"capSource":1,
        		"micSource":-1,
        		"rndSource":-1,
        		"isvoip" : -1,
        		"delayTime":1,
        		"isAec":1,
        		"updateSpeed":0,
        		"nlp":2,
        		"nVAD":0,
        		"nNs":0,
        		"nAdjNe":0,
        		"nAdjRefOvrf":0,
        		"nAdjFe":0,
        		"nAgcTarget":true
        		"AimAssist": true
        		"AimAssistValue":10000
        	} 
        	,"SM-A9000samsung":
        	{
        		"capSource":1,
        		"micSource":-1,
        		"rndSource":-1,
        		"isvoip" : -1,
        		"delayTime":1,
        		"isAec":1,
        		"updateSpeed":0,
        		"nlp":2,
        		"nVAD":0,
        		"nNs":0,
        		"nAdjNe":0,
        		"nAdjRefOvrf":0,
        		"nAdjFe":0,
        		"nAgcTarget":true
        		"AimAssist": true
        		"AimAssistValue":10000	
        	} 
        	,"GN8002SGIONEE":
        	{
        		"capSource":1,
        		"micSource":-1,
        		"rndSource":-1,
        		"isvoip" : -1,
        		"delayTime":1,
        		"isAec":1,
        		"updateSpeed":0,
        		"nlp":2,
        		"nVAD":0,
        		"nNs":0,
        		"nAdjNe":0,
        		"nAdjRefOvrf":0,
        		"nAdjFe":0,
        		"nAgcTarget":true
        		"AimAssist": true
        		"AimAssistValue":10000
        	} 
        	,"VIE-AL10HUAWEI":
        	{
        		"capSource":1,
        		"micSource":-1,
        		"rndSource":-1,
        		"isvoip" : -1,
        		"delayTime":1,
        		"isAec":1,
        		"updateSpeed":0,
        		"nlp":2,
        		"nVAD":0,
        		"nNs":0,
        		"nAdjNe":0,
        		"nAdjRefOvrf":0,
        		"nAdjFe":0,
        		"nAgcTarget":true
        		"AimAssist": true
        		"AimAssistValue":10000	
        	} 
        	,"vivo Xplay5Avivo":
        	{
        		"capSource":1,
        		"micSource":-1,
        		"rndSource":-1,
        		"isvoip" : -1,
        		"delayTime":1,
        		"isAec":1,
        		"updateSpeed":0,
        		"nlp":2,
        		"nVAD":0,
        		"nNs":0,
        		"nAdjNe":0,
        		"nAdjRefOvrf":0,
        		"nAdjFe":0,
        		"nAgcTarget":true
        		"AimAssist": true
        		"AimAssistValue":10000
        	} 
        	,"NTS-AL00HONOR":
        	{
        		"capSource":1,
        		"micSource":-1,
        		"rndSource":-1,
        		"isvoip" : -1,
        		"delayTime":1,
        		"isAec":1,
        		"updateSpeed":0,
        		"nlp":2,
        		"nVAD":0,
        		"nNs":0,
        		"nAdjNe":0,
        		"nAdjRefOvrf":0,
        		"nAdjFe":0,
        		"nAgcTarget":true
        		"AimAssist": true
        		"AimAssistValue":10000
        	} 
        	,"MHA-AL00HUAWEI":
        	{
        		"capSource":1,
        		"micSource":-1,
        		"rndSource":-1,
        		"isvoip" : -1,
        		"delayTime":1,
        		"isAec":1,
        		"updateSpeed":0,
        		"nlp":2,
        		"nVAD":0,
        		"nNs":0,
        		"nAdjNe":0,
        		"nAdjRefOvrf":0,
        		"nAdjFe":0,
        		"nAgcTarget":true
        		"AimAssist": true
        		"AimAssistValue":10000
        	} 
        	,"KNT-AL10HONOR":
        	{
        		"capSource":1,
        		"micSource":-1,
        		"rndSource":-1,
        		"isvoip" : -1,
        		"delayTime":1,
        		"isAec":1,
        		"updateSpeed":1,
        		"nlp":2,
        		"nVAD":0,
        		"nNs":0,
        		"nAdjNe":0,
        		"nAdjRefOvrf":0,
        		"nAdjFe":0,
        		"nAgcTarget":true
        		"AimAssist": true
        		"AimAssistValue":10000
        	}
        	,"KNT-UL10HONOR":
        	{
        		"capSource":1,
        		"micSource":-1,
        		"rndSource":-1,
        		"isvoip" : -1,
        		"delayTime":1,
        		"isAec":1,
        		"updateSpeed":1,
        		"nlp":2,
        		"nVAD":0,
        		"nNs":0,
        		"nAdjNe":0,
        		"nAdjRefOvrf":0,
        		"nAdjFe":0,
        		"nAgcTarget":true
        		"AimAssist": true
        		"AimAssistValue":10000
        	}
        	,"SM-G9008Vsamsung":
        	{
        		"capSource":1,
        		"micSource":-1,
        		"rndSource":-1,
        		"isvoip" : -1,
        		"delayTime":1,
        		"isAec":1,
        		"updateSpeed":0,
        		"nlp":2,
        		"nVAD":0,
        		"nNs":0,
        		"nAdjNe":0,
        		"nAdjRefOvrf":0,
        		"nAdjFe":0,
        		"nAgcTarget":true
        		"AimAssist": true
        		"AimAssistValue":10000
        	} 
        	,"PE-TL10Huawei":
        	{
        		"capSource":1,
        		"micSource":-1,
        		"rndSource":-1,
        		"isvoip" : -1,
        		"delayTime":1,
        		"isAec":1,
        		"updateSpeed":0,
        		"nlp":2,
        		"nVAD":0,
        		"nNs":0,
        		"nAdjNe":0,
        		"nAdjRefOvrf":0,
        		"nAdjFe":0,
        		"nAgcTarget":true
        		"AimAssist": true
        		"AimAssistValue":10000
        	} 
        	,"LT29iSony":
        	{
        		"capSource":1,
        		"micSource":-1,
        		"rndSource":-1,
        		"isvoip" : -1,
        		"delayTime":250,
        		"isAec":0,
        		"updateSpeed":0,
        		"nlp":0,
        		"nVAD":0,
        		"nNs":0,
        		"nAdjNe":0,
        		"nAdjRefOvrf":0,
        		"nAdjFe":0,
        		"nAgcTarget":true
        		"AimAssist": true
        		"AimAssistValue":10000
        	} 
        	,"LT26iSEMC":
        	{
        		"capSource":1,
        		"micSource":-1,
        		"rndSource":-1,
        		"isvoip" : -1,
        		"delayTime":50,
        		"isAec":0,
        		"updateSpeed":0,
        		"nlp":0,
        		"nVAD":0,
        		"nNs":0,
        		"nAdjNe":0,
        		"nAdjRefOvrf":0,
        		"nAdjFe":3,
        		"nAgcTarget":true
        		"AimAssist": true
        		"AimAssistValue":10000
        	} 
        	,"HUAWEI C8813Huawei":
        	{
        		"capSource":1,
        		"micSource":1,
        		"rndSource":3,
        		"isvoip" : -1,
        		"delayTime":1,
        		"isAec":0,
        		"updateSpeed":0,
        		"nlp":0,
        		"nVAD":0,
        		"nNs":0,
        		"nAdjNe":0,
        		"nAdjRefOvrf":0,
        		"nAdjFe":0,
        		"nAgcTarget":true
        		"AimAssist": true
        		"AimAssistValue":10000
        	}
        	,"HUAWEI U8800Huawei":
        	{
        		"capSource":1,
        		"micSource":-1,
        		"rndSource":-1,
        		"isvoip" : -1,
        		"delayTime":0,
        		"isAec":0,
        		"updateSpeed":0,
        		"nlp":4,
        		"nVAD":0,
        		"nNs":0,
        		"nAdjNe":0,
        		"nAdjRefOvrf":0,
        		"nAdjFe":0,
        		"nAgcTarget":true
        		"AimAssist": true
        		"AimAssistValue":10000
        	}
        	,"HUAWEI G750-T00Huawei":
        	{
        		"capSource":1,
        		"micSource":-1,
        		"rndSource":-1,
        		"isvoip" : -1,
        		"delayTime":130,
        		"isAec":0,
        		"updateSpeed":0,
        		"nlp":0,
        		"nVAD":0,
        		"nNs":0,
        		"nAdjNe":0,
        		"nAdjRefOvrf":0,
        		"nAdjFe":0,
        		"nAgcTarget":true
        		"AimAssist": true
        		"AimAssistValue":10000
        	}
        	,"HUAWEI P6-U06Huawei":
        	{
        		"capSource":1,
        		"micSource":-1,
        		"rndSource":-1,
        		"isvoip" : -1,
        		"delayTime":120,
        		"isAec":0,
        		"updateSpeed":0,
        		"nlp":0,
        		"nVAD":0,
        		"nNs":0,
        		"nAdjNe":0,
        		"nAdjRefOvrf":0,
        		"nAdjFe":0,
        		"nAgcTarget":true
        		"AimAssist": true
        		"AimAssistValue":10000
        	}
        	,"SCH-I739samsung":
        	{
        		"capSource":1,
        		"micSource":-1,
        		"rndSource":-1,
        		"isvoip" : -1,
        		"delayTime":1,
        		"isAec":0,
        		"updateSpeed":0,
        		"nlp":0,
        		"nVAD":0,
        		"nNs":0,
        		"nAdjNe":0,
        		"nAdjRefOvrf":0,
        		"nAdjFe":0,
        		"nAgcTarget":true
        		"AimAssist": true
        		"AimAssistValue":10000
        	}
        	,"SCH-I699samsung":
        	{
        		"capSource":0,
        		"micSource":1,
        		"rndSource":3,
        		"isvoip" : -1,
        		"delayTime":50,
        		"isAec":0,
        		"updateSpeed":0,
        		"nlp":0,
        		"nVAD":0,
        		"nNs":0,
        		"nAdjNe":0,
        		"nAdjRefOvrf":0,
        		"nAdjFe":0,
        		"nAgcTarget":true
        		"AimAssist": true
        		"AimAssistValue":10000
        	}
        	,"GT-S7568samsung":
        	{
        		"capSource":0,
        		"micSource":1,
        		"rndSource":3,
        		"isvoip" : -1,
        		"delayTime":40,
        		"isAec":0,
        		"updateSpeed":0,
        		"nlp":0,
        		"nVAD":0,
        		"nNs":0,
        		"nAdjNe":0,
        		"nAdjRefOvrf":0,
        		"nAdjFe":0,
        		"nAgcTarget":true
        		"AimAssist": true
        		"AimAssistValue":10000
        	}
        	,"GT-I9220samsung":
        	{
        		"capSource":1,
        		"micSource":-1,
        		"rndSource":-1,
        		"isvoip" : -1,
        		"delayTime":0,
        		"isAec":0,
        		"updateSpeed":0,
        		"nlp":5,
        		"nVAD":0,
        		"nNs":3,
        		"nAdjNe":4,
        		"nAdjRefOvrf":60,
        		"nAdjFe":0,
        		"nAgcTarget":true
        		"AimAssist": true
        		"AimAssistValue":10000
        	}
        	,"GT-I9100Gsamsung":
        	{
        		"capSource":1,
        		"micSource":-1,
        		"rndSource":-1,
        		"isvoip" : -1,
        		"delayTime":60,
        		"isAec":0,
        		"updateSpeed":0,
        		"nlp":0,
        		"nVAD":0,
        		"nNs":0,
        		"nAdjNe":0,
        		"nAdjRefOvrf":30,
        		"nAdjFe":4,
        		"nAgcTarget":true
        		"AimAssist": true
        		"AimAssistValue":10000
        	}
        	,"GT-I8552samsung":
        	{
        		"capSource":1,
        		"micSource":-1,
        		"rndSource":-1,
        		"isvoip" : -1,
        		"delayTime":1,
        		"isAec":0,
        		"updateSpeed":0,
        		"nlp":0,
        		"nVAD":0,
        		"nNs":0,
        		"nAdjNe":0,
        		"nAdjRefOvrf":0,
        		"nAdjFe":0,
        		"nAgcTarget":true
        		"AimAssist": true
        		"AimAssistValue":10000
        	}
        	,"SHW-M110Ssamsung":
        	{
        		"capSource":1,
        		"micSource":-1,
        		"rndSource":-1,
        		"isvoip" : -1,
        		"delayTime":90,
        		"isAec":0,
        		"updateSpeed":0,
        		"nlp":0,
        		"nVAD":0,
        		"nNs":0,
        		"nAdjNe":0,
        		"nAdjRefOvrf":0,
        		"nAdjFe":0,
        		"nAgcTarget":true
        		"AimAssist": true
        		"AimAssistValue":10000
        	}
        	,"M9Meizu":
        	{
        		"capSource":1,
        		"micSource":-1,
        		"rndSource":-1,
        		"isvoip" : -1,
        		"delayTime":250,
        		"isAec":0,
        		"updateSpeed":0,
        		"nlp":0,
        		"nVAD":0,
        		"nNs":0,
        		"nAdjNe":0,
        		"nAdjRefOvrf":0,
        		"nAdjFe":0,
        		"nAgcTarget":true
        		"AimAssist": true
        		"AimAssistValue":10000
        	}
        	,"M030Meizu":
        	{
        		"capSource":1,
        		"micSource":-1,
        		"rndSource":-1,
        		"isvoip" : -1,
        		"delayTime":250,
        		"isAec":0,
        		"updateSpeed":0,
        		"nlp":0,
        		"nVAD":0,
        		"nNs":0,
        		"nAdjNe":0,
        		"nAdjRefOvrf":0,
        		"nAdjFe":4,
        		"nAgcTarget":true
        		"AimAssist": true
        		"AimAssistValue":10000	
        	}
        	,"M040Meizu":
        	{
        		"capSource":0,
        		"micSource":-1,
        		"rndSource":-1,
        		"isvoip" : 0,
        		"delayTime":250,
        		"isAec":0,
        		"updateSpeed":0,
        		"nlp":0,
        		"nVAD":0,
        		"nNs":0,
        		"nAdjNe":0,
        		"nAdjRefOvrf":0,
        		"nAdjFe":0,
        		"nAgcTarget":true
        		"AimAssist": true
        		"AimAssistValue":10000	
        	}
        	,"GN700WGiONEE":
        	{
        		"capSource":1,
        		"micSource":-1,
        		"rndSource":-1,
        		"isvoip" : -1,
        		"delayTime":130,
        		"isAec":0,
        		"updateSpeed":0,
        		"nlp":0,
        		"nVAD":0,
        		"nNs":0,
        		"nAdjNe":0,
        		"nAdjRefOvrf":0,
        		"nAdjFe":0,
        		"nAgcTarget":true
        		"AimAssist": true
        		"AimAssistValue":10000
        	}
        	,"U705TOPPO":
        	{
        		"capSource":1,
        		"micSource":-1,
        		"rndSource":-1,
        		"isvoip" : -1,
        		"delayTime":140,
        		"isAec":0,
        		"updateSpeed":0,
        		"nlp":0,
        		"nVAD":0,
        		"nNs":0,
        		"nAdjNe":0,
        		"nAdjRefOvrf":0,
        		"nAdjFe":6,
        		"nAgcTarget":true
        		"AimAssist": true
        		"AimAssistValue":10000	
        	} 
        	,"X909OPPO":
        	{
        		"capSource":1,
        		"micSource":-1,
        		"rndSource":-1,
        		"isvoip" : -1,
        		"delayTime":250,
        		"isAec":0,
        		"updateSpeed":0,
        		"nlp":0,
        		"nVAD":0,
        		"nNs":0,
        		"nAdjNe":0,
        		"nAdjRefOvrf":0,
        		"nAdjFe":0,
        		"nAgcTarget":true
        		"AimAssist": true
        		"AimAssistValue":10000	
        	} 
        	,"Lenovo K900Lenovo":
        	{
        		"capSource":1,
        		"micSource":1,
        		"rndSource":3,
        		"isvoip" : -1,
        		"delayTime":280,
        		"isAec":0,
        		"updateSpeed":0,
        		"nlp":0,
        		"nVAD":0,
        		"nNs":0,
        		"nAdjNe":0,
        		"nAdjRefOvrf":0,
        		"nAdjFe":0,
        		"nAgcTarget":true
        		"AimAssist": true
        		"AimAssistValue":10000
        	} 
        	,"Lenovo A798tLenovo":
        	{
        		"capSource":1,
        		"micSource":-1,
        		"rndSource":-1,
        		"isvoip" : -1,
        		"delayTime":0,
        		"isAec":0,
        		"updateSpeed":0,
        		"nlp":4,
        		"nVAD":0,
        		"nNs":0,
        		"nAdjNe":0,
        		"nAdjRefOvrf":0,
        		"nAdjFe":0,
        		"nAgcTarget":true
        		"AimAssist": true
        		"AimAssistValue":10000	
        	} 
        	,"MI-ONE PlusXiaomi":
        	{
        		"capSource":1,
        		"micSource":-1,
        		"rndSource":-1,
        		"isvoip" : -1,
        		"delayTime":1,
        		"isAec":0,
        		"updateSpeed":0,
        		"nlp":0,
        		"nVAD":0,
        		"nNs":0,
        		"nAdjNe":0,
        		"nAdjRefOvrf":0,
        		"nAdjFe":0,
        		"nAgcTarget":true
        		"AimAssist": true
        		"AimAssistValue":10000
        	} 
        	,"ZTE U795ZTE":
        	{
        		"capSource":1,
        		"micSource":-1,
        		"rndSource":-1,
        		"isvoip" : -1,
        		"delayTime":140,
        		"isAec":0,
        		"updateSpeed":0,
        		"nlp":0,
        		"nVAD":0,
        		"nNs":0,
        		"nAdjNe":0,
        		"nAdjRefOvrf":0,
        		"nAdjFe":0,
        		"nAgcTarget":true
        		"AimAssist": true
        		"AimAssistValue":10000
        	} 
        	,"ZTE V956ZTE":
        	{
        		"capSource":1,
        		"micSource":1,
        		"rndSource":3,
        		"isvoip" : -1,
        		"delayTime":160,
        		"isAec":0,
        		"updateSpeed":0,
        		"nlp":0,
        		"nVAD":0,
        		"nNs":0,
        		"nAdjNe":0,
        		"nAdjRefOvrf":0,
        		"nAdjFe":2,
        		"nAgcTarget":true
        		"AimAssist": true
        		"AimAssistValue":10000
        	} 
        	,"vivo S7vivo":
        	{
        		"capSource":1,
        		"micSource":-1,
        		"rndSource":-1,
        		"isvoip" : -1,
        		"delayTime":0,
        		"isAec":0,
        		"updateSpeed":0,
        		"nlp":4,
        		"nVAD":0,
        		"nNs":0,
        		"nAdjNe":0,
        		"nAdjRefOvrf":180,
        		"nAdjFe":3,
        		"nAgcTarget":true
        		"AimAssist": true
        		"AimAssistValue":10000
        	} 
        	,"HTC T328whtccn_chs_cu":
        	{
        		"capSource":1,
        		"micSource":-1,
        		"rndSource":-1,
        		"isvoip" : -1,
        		"delayTime":50,
        		"isAec":0,
        		"updateSpeed":0,
        		"nlp":0,
        		"nVAD":0,
        		"nNs":0,
        		"nAdjNe":0,
        		"nAdjRefOvrf":0,
        		"nAdjFe":0,
        		"nAgcTarget":true
        		"AimAssist": true
        		"AimAssistValue":10000
        	} 
        	,"HTC S710dhtccn_chs_ct":
        	{
        		"capSource":1,
        		"micSource":-1,
        		"rndSource":-1,
        		"isvoip" : -1,
        		"delayTime":0,
        		"isAec":0,
        		"updateSpeed":0,
        		"nlp":3,
        		"nVAD":0,
        		"nNs":0,
        		"nAdjNe":6,
        		"nAdjRefOvrf":35,
        		"nAdjFe":0,
        		"nAgcTarget":true
        		"AimAssist": true
        		"AimAssistValue":10000	
        	} 
        	,"Coolpad 5890Coolpad":
        	{
        		"capSource":0,
        		"micSource":1,
        		"rndSource":3,
        		"isvoip" : -1,
        		"delayTime":250,
        		"isAec":0,
        		"updateSpeed":0,
        		"nlp":0,
        		"nVAD":0,
        		"nNs":0,
        		"nAdjNe":0,
        		"nAdjRefOvrf":0,
        		"nAdjFe":6,
        		"nAgcTarget":true
        		"AimAssist": true
        		"AimAssistValue":10000
        	}
        	,"ASUS_Z00ADBasus":
        	{
        		"capSource":1,
        		"micSource":-1,
        		"rndSource":-1,
        		"isvoip" : 2,
        		"delayTime":1,
        		"isAec":0,
        		"updateSpeed":0,
        		"nlp":1,
        		"nVAD":0,
        		"nNs":0,
        		"nAdjNe":0,
        		"nAdjRefOvrf":0,
        		"nAdjFe":0,
        		"nAgcTarget":true
        		"AimAssist": true
        		"AimAssistValue":10000	
        	}
        	,"SM-N910Lsamsung":
        	{
        		"capSource":1,
        		"micSource":-1,
        		"rndSource":0,
        		"isvoip" : 0,
        		"delayTime":1,
        		"isAec":0,
        		"updateSpeed":0,
        		"nlp":0,
        		"nVAD":0,
        		"nNs":0,
        		"nAdjNe":0,
        		"nAdjRefOvrf":0,
        		"nAdjFe":0,
        		"nAgcTarget":true
        		"AimAssist": true
        		"AimAssistValue":10000	
        	}
        	,"R815TOPPO":
        	{
        		"capSource":1,
        		"micSource":1,
        		"rndSource":3,
        		"isvoip" : -1,
        		"delayTime":1,
        		"isAec":0,
        		"updateSpeed":0,
        		"nlp":0,
        		"nVAD":0,
        		"nNs":0,
        		"nAdjNe":0,
        		"nAdjRefOvrf":0,
        		"nAdjFe":0,
        		"nAgcTarget":true
        		"AimAssist": true
        		"AimAssistValue":10000	
        	}
        	,"Redmi 4Xiaomi":
        	{
        		"capSource":1,
        		"micSource":-1,
        		"rndSource":-1,
        		"isvoip" : 0,
        		"delayTime":1,
        		"isAec":0,
        		"updateSpeed":0,
        		"nlp":0,
        		"nVAD":0,
        		"nNs":0,
        		"nAdjNe":0,
        		"nAdjRefOvrf":0,
        		"nAdjFe":0,
        		"nAgcTarget":true
        		"AimAssist": true
        		"AimAssistValue":10000	
        	}
        	,"SM-G9209samsung":
        	{
        		"capSource":0,
        		"micSource":-1,
        		"rndSource":-1,
        		"isvoip" : 0,
        		"delayTime":1,
        		"isAec":0,
        		"updateSpeed":0,
        		"nlp":0,
        		"nVAD":0,
        		"nNs":0,
        		"nAdjNe":0,
        		"nAdjRefOvrf":0,
        		"nAdjFe":0,
        		"nAgcTarget":true
        		"AimAssist": true
        		"AimAssistValue":10000
        	} 
        	,"MI 4Xiaomi":
        	{
        		"capSource":1,
        		"micSource":-1,
        		"rndSource":-1,
        		"isvoip" : -1,
        		"delayTime":1,
        		"isAec":0,
        		"updateSpeed":1,
        		"nlp":0,
        		"nVAD":0,
        		"nNs":0,
        		"nAdjNe":0,
        		"nAdjRefOvrf":0,
        		"nAdjFe":0,
        		"nAgcTarget":true
        		"AimAssist": true
        		"AimAssistValue":10000
        	}  
        	,"Che1-CL20Honor":
        	{
        		"capSource":1,
        		"micSource":-1,
        		"rndSource":-1,
        		"isvoip" : -1,
        		"delayTime":1,
        		"isAec":1,
        		"updateSpeed":0,
        		"nlp":1,
        		"nVAD":0,
        		"nNs":0,
        		"nAdjNe":0,
        		"nAdjRefOvrf":0,
        		"nAdjFe":0,
        		"nAgcTarget":true
        		"AimAssist": true
        		"AimAssistValue":10000	
        	} 	
        	,"MX5Meizu":
        	{
        		"capSource":1,
        		"micSource":-1,
        		"rndSource":-1,
        		"isvoip" : -1,
        		"delayTime":1,
        		"isAec":1,
        		"updateSpeed":0,
        		"nlp":1,
        		"nVAD":0,
        		"nNs":0,
        		"nAdjNe":0,
        		"nAdjRefOvrf":0,
        		"nAdjFe":0,
        		"nAgcTarget":true
        		"AimAssist": true
        		"AimAssistValue":10000	
        	} 
        	,"R7PlusmOPPO":
        	{
        		"capSource":1,
        		"micSource":-1,
        		"rndSource":-1,
        		"isvoip" : -1,
        		"delayTime":1,
        		"isAec":1,
        		"updateSpeed":0,
        		"nlp":1,
        		"nVAD":0,
        		"nNs":0,
        		"nAdjNe":0,
        		"nAdjRefOvrf":0,
        		"nAdjFe":0,
        		"nAgcTarget":true
        		"AimAssist": true
        		"AimAssistValue":10000	
        	} 
        	,"SM-A7000samsung":
        	{
        		"capSource":1,
        		"micSource":-1,
        		"rndSource":-1,
        		"isvoip" : -1,
        		"delayTime":1,
        		"isAec":1,
        		"updateSpeed":0,
        		"nlp":1,
        		"nVAD":0,
        		"nNs":0,
        		"nAdjNe":0,
        		"nAdjRefOvrf":0,
        		"nAdjFe":0,
        		"nAgcTarget":true
        		"AimAssist": true
        		"AimAssistValue":10000
        	} 
        	,"SM-N9009samsung":
        	{
        		"capSource":1,
        		"micSource":-1,
        		"rndSource":-1,
        		"isvoip" : -1,
        		"delayTime":1,
        		"isAec":1,
        		"updateSpeed":0,
        		"nlp":1,
        		"nVAD":0,
        		"nNs":0,
        		"nAdjNe":0,
        		"nAdjRefOvrf":0,
        		"nAdjFe":0,
        		"nAgcTarget":true
        		"AimAssist": true
        		"AimAssistValue":10000
        	} 
        	,"vivo Y33vivo":
        	{
        		"capSource":1,
        		"micSource":-1,
        		"rndSource":-1,
        		"isvoip" : -1,
        		"delayTime":1,
        		"isAec":1,
        		"updateSpeed":0,
        		"nlp":1,
        		"nVAD":0,
        		"nNs":0,
        		"nAdjNe":0,
        		"nAdjRefOvrf":0,
        		"nAdjFe":0,
        		"nAgcTarget":true
        		"AimAssist": true
        		"AimAssistValue":10000
        	} 
        	,"MI 3Xiaomi":
        	{
        		"capSource":1,
        		"micSource":-1,
        		"rndSource":-1,
        		"isvoip" : -1,
        		"delayTime":1,
        		"isAec":1,
        		"updateSpeed":0,
        		"nlp":1,
        		"nVAD":0,
        		"nNs":0,
        		"nAdjNe":0,
        		"nAdjRefOvrf":0,
        		"nAdjFe":0,
        		"nAgcTarget":true
        		"AimAssist": true
        		"AimAssistValue":10000	
        	} 
        	,"SM-N9200samsung":
        	{
        		"capSource":1,
        		"micSource":-1,
        		"rndSource":-1,
        		"isvoip" : -1,
        		"delayTime":1,
        		"isAec":1,
        		"updateSpeed":0,
        		"nlp":1,
        		"nVAD":0,
        		"nNs":0,
        		"nAdjNe":0,
        		"nAdjRefOvrf":0,
        		"nAdjFe":0,
        		"nAgcTarget":true
        		"AimAssist": true
        		"AimAssistValue":10000	
        	} 
        	,"OPPO A53mOPPO":
        	{
        		"capSource":1,
        		"micSource":-1,
        		"rndSource":-1,
        		"isvoip" : -1,
        		"delayTime":1,
        		"isAec":1,
        		"updateSpeed":0,
        		"nlp":1,
        		"nVAD":0,
        		"nNs":0,
        		"nAdjNe":0,
        		"nAdjRefOvrf":0,
        		"nAdjFe":0,
        		"nAgcTarget":true
        		"AimAssist": true
        		"AimAssistValue":10000	
        	} 
        	,"OPPO A37mOPPO":
        	{
        		"capSource":1,
        		"micSource":-1,
        		"rndSource":-1,
        		"isvoip" : -1,
        		"delayTime":1,
        		"isAec":1,
        		"updateSpeed":0,
        		"nlp":1,
        		"nVAD":0,
        		"nNs":0,
        		"nAdjNe":0,
        		"nAdjRefOvrf":0,
        		"nAdjFe":0,
        		"nAgcTarget":true
        		"AimAssist": true
        		"AimAssistValue":10000	
        	} 
        	,"SM-C5000samsung":
        	{
        		"capSource":1,
        		"micSource":-1,
        		"rndSource":-1,
        		"isvoip" : -1,
        		"delayTime":1,
        		"isAec":1,
        		"updateSpeed":0,
        		"nlp":1,
        		"nVAD":0,
        		"nNs":0,
        		"nAdjNe":0,
        		"nAdjRefOvrf":0,
        		"nAdjFe":0,
        		"nAgcTarget":true
        		"AimAssist": true
        		"AimAssistValue":10000	
        	} 
        	,"PLK-TL01HHONOR":
        	{
        		"capSource":1,
        		"micSource":-1,
        		"rndSource":-1,
        		"isvoip" : -1,
        		"delayTime":1,
        		"isAec":1,
        		"updateSpeed":0,
        		"nlp":1,
        		"nVAD":0,
        		"nNs":0,
        		"nAdjNe":0,
        		"nAdjRefOvrf":0,
        		"nAdjFe":0,
        		"nAgcTarget":true
        		"AimAssist": true
        		"AimAssistValue":10000
        	} 
        	,"HUAWEI TAG-AL00HUAWEI":
        	{
        		"capSource":1,
        		"micSource":-1,
        		"rndSource":-1,
        		"isvoip" : -1,
        		"delayTime":1,
        		"isAec":1,
        		"updateSpeed":0,
        		"nlp":1,
        		"nVAD":0,
        		"nNs":0,
        		"nAdjNe":0,
        		"nAdjRefOvrf":0,
        		"nAdjFe":0,
        		"nAgcTarget":true
        		"AimAssist": true
        		"AimAssistValue":10000	
        	} 
        	,"OPPO R7OPPO":
        	{
        		"capSource":1,
        		"micSource":-1,
        		"rndSource":-1,
        		"isvoip" : -1,
        		"delayTime":1,
        		"isAec":1,
        		"updateSpeed":0,
        		"nlp":1,
        		"nVAD":0,
        		"nNs":0,
        		"nAdjNe":0,
        		"nAdjRefOvrf":0,
        		"nAdjFe":0,
        		"nAgcTarget":true
        		"AimAssist": true
        		"AimAssistValue":10000	
        	} 
        	,"Redmi Note 2Xiaomi":
        	{
        		"capSource":1,
        		"micSource":-1,
        		"rndSource":-1,
        		"isvoip" : -1,
        		"delayTime":1,
        		"isAec":1,
        		"updateSpeed":0,
        		"nlp":1,
        		"nVAD":0,
        		"nNs":0,
        		"nAdjNe":0,
        		"nAdjRefOvrf":0,
        		"nAdjFe":0,
        		"nAgcTarget":true
        		"AimAssist": true
        		"AimAssistValue":10000	
        	} 
        	 ,"OPPO R9s PlusOPPO":
        	{
        		"capSource":1,
        		"micSource":4,
        		"rndSource":0,
        		"isvoip" : -1,
        		"delayTime":1,
        		"isAec":1,
        		"updateSpeed":0,
        		"nlp":2,
        		"nVAD":0,
        		"nNs":0,
        		"nAdjNe":0,
        		"nAdjRefOvrf":0,
        		"nAdjFe":0,
        		"nAgcTarget":true
        		"AimAssist": true
        		"AimAssistValue":10000
        	}
        	 ,"SM-G9300samsung":
        	{
        		"capSource":1,
        		"micSource":-1,
        		"rndSource":-1,
        		"isvoip" : -1,
        		"delayTime":1,
        		"isAec":1,
        		"updateSpeed":1,
        		"nlp":2,
        		"nVAD":0,
        		"nNs":0,
        		"nAdjNe":0,
        		"nAdjRefOvrf":0,
        		"nAdjFe":0,
        		"nAgcTarget":true
        		"AimAssist": true
        		"AimAssistValue":10000
        	} 
        	   ,"SM-G93Psamsung":
        	{
        		"capSource":1,
        		"micSource":-1,
        		"rndSource":-1,
        		"isvoip" : -1,
        		"delayTime":1,
        		"isAec":1,
        		"updateSpeed":1,
        		"nlp":2,
        		"nVAD":0,
        		"nNs":0,
        		"nAdjNe":0,
        		"nAdjRefOvrf":0,
        		"nAdjFe":0,
        		"nAgcTarget":true
        		"AimAssist": true
        		"AimAssistValue":10000
        	} 
             ,"SM-G9600samsung":
            {
                "capSource":1,
                "micSource":-1,
                "rndSource":-1,
                "isvoip" : 0,
                "delayTime":1,
                "isAec":1,
                "updateSpeed":1,
                "nlp":2,
                "nVAD":0,
                "nNs":0,
                "nAdjNe":0,
                "nAdjRefOvrf":0,
                "nAdjFe":0,
                "nAgcTarget":true
        		"AimAssist": true
        		"AimAssistValue":10000
            }
              ,"SM-G9650/DSsamsung":
            {
                "capSource":1,
                "micSource":-1,
                "rndSource":-1,
                "isvoip" : 0,
                "delayTime":1,
                "isAec":1,
                "updateSpeed":1,
                "nlp":2,
                "nVAD":0,
                "nNs":0,
                "nAdjNe":0,
                "nAdjRefOvrf":0,
                "nAdjFe":0,
                "nAgcTarget":true
        		"AimAssist": true
        		"AimAssistValue":10000  
            }
                "SM-A530Fsamsung":
        	{
        		"capSource":1,
        		"micSource":-1,
        		"rndSource":-1,
        		"isvoip" : -1,
        		"delayTime":1,
        		"isAec":0,
        		"updateSpeed":0,
        		"nlp":0,
        		"nVAD":0,
        		"nNs":0,
        		"nAdjNe":0,
        		"nAdjRefOvrf":0,
        		"nAdjFe":0,
        		"nAgcTarget":true
        		"AimAssist": true
        		"AimAssistValue":10000
        	}
             ,"SM-G9650samsung":
            {
                "capSource":1,
                "micSource":-1,
                "rndSource":-1,
                "isvoip" : 0,
                "delayTime":1,
                "isAec":1,
                "updateSpeed":1,
                "nlp":2,
                "nVAD":0,
                "nNs":0,
                "nAdjNe":0,
                "nAdjRefOvrf":0,
                "nAdjFe":0,
                "nAgcTarget":true
        		"AimAssist": true
        		"AimAssistValue":10000 
            }   			
        }
    }
    
    ,"cdnvister":
    {
        "default_ip" :
        {
            "udp://cn.voice.gcloudcs.com:10001":"udp://127.0.0.1:10001",
        }
    }
    
    ,"apollo_voice":
    {
    
    }
    {"config":
    }
}
..