{
    "version": 20230208,
    "configureList": [
        "level6",
        "level6_recommend"
    ],

    "level6": {
        "classLevelNum": 8,
        "classLevelValues": [0, 1, 2, 3, 4, 5, 6, 7],
        "defLevel": 127,
        "switchops": 526,
        "andopts": 526,
        "filter-model": {
            "0": [],
            "1": [],
            "2": 
            [
                "Moto G (5S)*", "Moto G (5)*", "moto g(6)*", "Moto Z2 Play*", "XT1635*", "XT1710*", 
                "LG-M210*", "LG M700*", "LG M703*",
                "MI 4LTE*", "vivo Y67*", "OPPO A59*"
            ],
            "3": 
            [
                "CPH1729*", "Redmi 5*", "vivo X5Pro D*", "TAG-TL*", "TAG-AL*", 
                "OPPO R9m*", "OPPO R9km*", "OPPO R9t*", "NEM-AL*", "m1 metal*",
                "Le X620*", "LEX626*", "Le X621*", "M2 E*", "Redmi 3S*", "M 1E*", "M5 Note*"
            ],
            "4": 
            [   
                "CPH1819*", "vivo X5Max*", "vivo X5S L*", "vivo Y66*", "vivo X6S A*", "vivo X6SPlus D*", "vivo X9i*", "vivo X6S*",
                "vivo X9*", "vivo X7*", "vivo X7Plus*", "vivo X9Plus*", "vivo Xplay5A*",
                "OPPO A57*", "OPPO R9s*", "OPPO R9 P*",                
                "MP1701*", "PRO 6*", "VIE-AL10*", "MX6*", "BAC-AL00*",
                "Le X520*", "HUAWEI NXT-AL10*", "HUAWEI NXT-DL00*", "HUAWEI NXT-CL00*", "EVA-AL00*", "FRD-AL00*",
                
                "MI NOTE LTE*", "MI MAX*", "MI MAX 2*", "Redmi Note 4*", "Redmi Pro*",
                "PIC-AL00*", "MI NOTE 3*", "MHA-AL00*", "HUAWEI MLA-AL10*", "MI 5*", "MI 5C*", 
                "DUK-AL20*", "VTR-AL00*", "HUAWEI CAZ-AL10*", "VKY-AL00*", "KIW-AL10*", 
                
                "SM-C700*", "SM-G925*", "SM-G928*", "SM-G930*", "SM-G935*"
            ],
            "5": 
            [
                "vivo X20*", "vivo X21*", "OPPO R11*", 
                "MI NOTE 3*", "MI NOTE Pro*", "PRO 7*",
                "PAAM00*", "PAAT00*", "CPH1831*", "CPH1833*", "PACM00*", "PACT00*", "CPH1835*", "CPH1821*"
            ],
            "6": 
            [
                "MIX 2*", "ONEPLUS A5000*", "ONEPLUS A5010*", "vivo x23*",
                "MI 9*", "MI 8*", "MIX 2S*", "ONEPLUS A6000*", "MIX 3*", "SKR-A0*",
                "SM-G950*", "SM-G955*", "SM-N950*", 
                "SM-G960*", "SM-N960*", "SM-G965*",
                "SM-G973*", "SM-N970*", "SM-G975*", "SM-G977*",
                
                "gamematrix*"
            ],
            "7": []
        },

        "emulator": 2,
        
        "filter-gpu": {
            "0": [],
            "1": [],
            "2": [],
            "3": [],
            "4": ["Mali-G71 *"],
            "5": ["PowerVR Rogue GM9446", "PowerVR B-Series BXM-8-256", "Mali-G68", "Mali-G68 *", "Mali-G72 *"],
            "6": ["Mali-G76 *", "Mali-G77 *", "Mali-G610 *", "ANGLE (Samsung Xclipse 920)*"],
            "7": []
        },

        "filter-soc": {
            "0": [],
            "1": [],
            "2": [],
            "3": [],
            "4": [],
            "5": ["kirin960", "kirin970", "kirin810", "vendor kirin810"],
            "6": ["kirin820", "kirin980", "kirin985", "kirin990", "kirin9000"],
            "7": []
        },

        "filter-manu": {
            "0": [],
            "1": [],
            "2": [],
            "3": [],
            "4": [],
            "5": [],
            "6": [],
            "7": []
        },

        "resolution": [],
        "ram": [],
        "cpufreq": [],
        "cpucores": [],
        "gpu_vendor": {
            "adreno": {
                "series": ["100", "200", "300", "400", "500", "600", "700"],
                "100": [0, 100, 199, 199, 199, 199, 199],
                "200": [0, 200, 299, 299, 299, 299, 299],
                "300": [0, 308, 399, 399, 399, 399, 399],
                "400": [0, 400, 499, 499, 499, 499, 499],
                "500": [0, 500, 500, 506, 513, 540, 599],
                "600": [0, 600, 600, 600, 600, 600, 699],
                "700": [0, 700, 700, 700, 700, 730, 799]
            },
            "mali": {
                "series": ["g", "t"],
                "g": [0, 0, 0, 51, 72, 76, 999],
                "t": [0, 0, 760, 881, 999, 999, 999]
            },
            "powervr": {
                "series": ["sgx", "gt", "ge", "gx", "g" , "gm"],
                "sgx": [0, 0, 99999, 99999, 99999, 99999, 99999],
                "gt": [0, 0, 0, 0, 7600, 7800, 9999],
                "ge": [0, 8301, 8320, 9999, 9999, 9999, 9999],
                "gm": [0, 8301, 8320, 9999, 9999, 9999, 9999],
                "gx": [0, 0, 0, 6450, 6850, 6851, 9999],
                "g": [0, 0, 6430, 9999, 9999, 9999, 9999]
            },
            "tegra": {
                "series": ["k1", "x1", "2", "3", "4"],
                "k1": [0, 0, 0, 0, 0, 2, 9],
                "x1": [0, 0, 0, 0, 0, 1, 9],
                "2": [0, 0, 0, 9999, 9999, 9999, 9999],
                "3": [0, 0, 0, 0, 0, 9999, 9999],
                "4": [0, 0, 0, 0, 0, 9999, 9999]
            }
        }
    },
    
    "level6_recommend": {
        "classLevelNum": 8,
        "classLevelValues": [0, 1, 2, 3, 4, 5, 6, 7],
        "defLevel": 127,
        "switchops": 526,
        "andopts": 526,
        "filter-model": {
            "0": [],
            "1": [],
            "2": 
            [
                "Moto G (5S)*", "Moto G (5)*", "moto g(6)*", "Moto Z2 Play*", "XT1635*", "XT1710*", 
                "LG-M210*", "LG M700*", "LG M703*",
                "MI 4LTE*", "vivo Y67*", "OPPO A59*"
            ],
            "3": 
            [
                "CPH1729*", "CPH1819*",
                "vivo X5Pro D*", "vivo X5Max*", "vivo X5S L*", "vivo Y66*", "vivo Xplay5A*", "vivo X6S*", "vivo X6SPlus D*", "vivo X6S A*", 
                "vivo X9i*",  "vivo X9*", "vivo X7*", "vivo X7Plus*", "vivo X9Plus*", "vivo X9i*",
                
                "TAG-TL*", "TAG-AL*", "NEM-AL*",
                "OPPO A57*", "OPPO R9s*", "OPPO R9 P*", "OPPO R9m*", "OPPO R9km*", "OPPO R9t*", 
                 
                "m1 metal*", "M 1E*", "MI 5C*", "M5 Note*", "M2 E*", 
                "Redmi Note 4*", "Redmi 3S*", "Redmi 5*", "Redmi Pro*", 
                "MI 5s*", "MI 5*", "MI MAX*", "MI MAX 2*", "MI NOTE 3*", "MI NOTE LTE*",
                
                "Le X520*", "Le X620*", "LEX626*", "Le X621*", 
                "PRO 6*", "BAC-AL*", "EVA-AL00*","VIE-AL10*","MX6*", "BAC-AL00*", 
 
                "HUAWEI NXT-AL10*", "HUAWEI NXT-DL00*", "HUAWEI NXT-CL00*", "EVA-AL00*", "FRD-AL00*",
                "PIC-AL00*", "MHA-AL00*", "HUAWEI MLA-AL10*", "HUAWEI CAZ-AL10*", "DUK-AL20*", 
                "VKY-AL00*", "VTR-AL00*", "KIW-AL10*",
                
                "SM-C700*", "SM-G925*", "SM-G928*", "SM-G930*", "SM-G935*"
            ],
            "4": 
            [
                "OPPO R11*", "vivo X20*", "vivo X21*", "MI NOTE 3*", "PAAM00*", "PAAT00*", "CPH1831*", "CPH1833*", 
                "PRO 7*", "MI NOTE Pro*", "PACM00*", 
                "PACT00*", "CPH1835*", "CPH1821*",

                "SM-G950*", "SM-G955*"
            ],
            "5": 
            [
                "MIX 2*", "ONEPLUS A5000*", "ONEPLUS A5010*", "vivo x23*", 
                "SM-N950*",
                "SM-G960*", "SM-N960*", 
                "SM-G965*"
            ],
            "6": 
            [
                "MI 9*", "MI 8*", "MIX 2S*", "ONEPLUS A6000*", "MIX 3*", "SKR-A0*", 
                "SM-G970*", "SM-N970*", "SM-N971*",
                "SM-G973*",
                "SM-G975*", "SM-N975*",
                "SM-G976*", "SM-N976*",
                "SM-G977*",
                
                "gamematrix*"
            ],
            "7": []
        },

        "emulator": 2,
        
        "filter-gpu": {
            "0": [],
            "1": [],
            "2": [],
            "3": ["Mali-G71 *"],
            "4": ["PowerVR Rogue GM9446", "PowerVR B-Series BXM-8-256", "Mali-G57 *", "Mali-G68", "Mali-G68 *", "Mali-G72 *"],
            "5": ["Mali-G76 *", "Mali-G77 *", "Mali-G610 *"],
            "6": ["ANGLE (Samsung Xclipse 920)*"],
            "7": []
        },

        "filter-soc": {
            "0": [],
            "1": [],
            "2": [],
            "3": [],
            "4": ["kirin960", "kirin970", "kirin810", "vendor kirin810", "kirin820"],
            "5": ["kirin980", "kirin985", "kirin990"],
            "6": ["kirin9000"],
            "7": []
        },

        "filter-manu": {
            "0": [],
            "1": [],
            "2": [],
            "3": [],
            "4": [],
            "5": [],
            "6": [],
            "7": []
        },

        "resolution": [],
        "ram": [],
        "cpufreq": [],
        "cpucores": [],
        "gpu_vendor": {
            "adreno": {
                "series": ["100", "200", "300", "400", "500", "600", "700"],
                "100": [0, 100, 199, 199, 199, 199, 199],
                "200": [0, 200, 299, 299, 299, 299, 299],
                "300": [0, 308, 399, 399, 399, 399, 399],
                "400": [0, 400, 499, 499, 499, 499, 499],
                "500": [0, 500, 505, 512, 540, 599, 599],
                "600": [0, 600, 600, 600, 618, 630, 699],
                "700": [0, 700, 700, 700, 700, 730, 799]
            },
            "mali": {
                "series": ["g", "t"],
                "g": [0, 0, 51, 72, 76, 78, 999],
                "t": [0, 760, 881, 999, 999, 999, 999]
            },
            "powervr": {
                "series": ["sgx", "gt", "ge", "gx", "g" , "gm"],
                "sgx": [0, 0, 99999, 99999, 99999, 99999, 99999],
                "gt": [0, 0, 0, 7600, 7800, 9999, 9999],
                "ge": [0, 8301, 8320, 9999, 9999, 9999, 9999],
                "gm": [0, 8301, 8320, 9999, 9999, 9999, 9999],
                "gx": [0, 0, 6450, 6850, 6851, 9999, 9999],
                "g": [0, 6430, 9999, 9999, 9999, 9999, 9999]
            },
            "tegra": {
                "series": ["k1", "x1", "2", "3", "4"],
                "k1": [0, 0, 0, 0, 2, 9, 9],
                "x1": [0, 0, 0, 0, 1, 9, 9],
                "2": [0, 0, 9999, 9999, 9999, 9999, 9999],
                "3": [0, 0, 0, 0, 9999, 9999, 9999],
                "4": [0, 0, 0, 0, 9999, 9999, 9999]
            }
        }
    }    
}

 ///smokeconfig////

 {
    "version": 20230208,
    "configureList": [
        "level6",
        "level6_recommend"
    ],

    "level6": {
        "classLevelNum": 8,
        "classLevelValues": [0, 1, 2, 3, 4, 5, 6, 7],
        "defLevel": 127,
        "switchops": 526,
        "andopts": 526,
        "filter-model": {
            "0": [],
            "1": [],
            "2": 
            [
                "Moto G (5S)*", "Moto G (5)*", "moto g(6)*", "Moto Z2 Play*", "XT1635*", "XT1710*", 
                "LG-M210*", "LG M700*", "LG M703*",
                "MI 4LTE*", "vivo Y67*", "OPPO A59*"
            ],
            "3": 
            [
                "CPH1729*", "Redmi 5*", "vivo X5Pro D*", "TAG-TL*", "TAG-AL*", 
                "OPPO R9m*", "OPPO R9km*", "OPPO R9t*", "NEM-AL*", "m1 metal*",
                "Le X620*", "LEX626*", "Le X621*", "M2 E*", "Redmi 3S*", "M 1E*", "M5 Note*"
            ],
            "4": 
            [   ///smokeconfig////

                "CPH1819*", "vivo X5Max*", "vivo X5S L*", "vivo Y66*", "vivo X6S A*", "vivo X6SPlus D*", "vivo X9i*", "vivo X6S*",
                "vivo X9*", "vivo X7*", "vivo X7Plus*", "vivo X9Plus*", "vivo Xplay5A*",
                "OPPO A57*", "OPPO R9s*", "OPPO R9 P*",                
                "MP1701*", "PRO 6*", "VIE-AL10*", "MX6*", "BAC-AL00*",
                "Le X520*", "HUAWEI NXT-AL10*", "HUAWEI NXT-DL00*", "HUAWEI NXT-CL00*", "EVA-AL00*", "FRD-AL00*",
                
                "MI NOTE LTE*", "MI MAX*", "MI MAX 2*", "Redmi Note 4*", "Redmi Pro*",
                "PIC-AL00*", "MI NOTE 3*", "MHA-AL00*", "HUAWEI MLA-AL10*", "MI 5*", "MI 5C*", 
                "DUK-AL20*", "VTR-AL00*", "HUAWEI CAZ-AL10*", "VKY-AL00*", "KIW-AL10*", 
                
                "SM-C700*", "SM-G925*", "SM-G928*", "SM-G930*", "SM-G935*"
            ],///smokeconfig////

            "5": 
            [
                "vivo X20*", "vivo X21*", "OPPO R11*", 
                "MI NOTE 3*", "MI NOTE Pro*", "PRO 7*",
                "PAAM00*", "PAAT00*", "CPH1831*", "CPH1833*", "PACM00*", "PACT00*", "CPH1835*", "CPH1821*"
            ],
            "6": 
            [
                "MIX 2*", "ONEPLUS A5000*", "ONEPLUS A5010*", "vivo x23*",
                "MI 9*", "MI 8*", "MIX 2S*", "ONEPLUS A6000*", "MIX 3*", "SKR-A0*",
                "SM-G950*", "SM-G955*", "SM-N950*", 
                "SM-G960*", "SM-N960*", "SM-G965*",
                "SM-G973*", "SM-N970*", "SM-G975*", "SM-G977*",
                
                "gamematrix*"
            ],
            "7": []
        },

        "emulator": 2,
        
        "filter-gpu": {
            "0": [],
            "1": [],
            "2": [],
            "3": [],
            "4": ["Mali-G71 *"],
            "5": ["PowerVR Rogue GM9446", "PowerVR B-Series BXM-8-256", "Mali-G68", "Mali-G68 *", "Mali-G72 *"],
            "6": ["Mali-G76 *", "Mali-G77 *", "Mali-G610 *", "ANGLE (Samsung Xclipse 920)*"],
            "7": []
        },

        "filter-soc": {
            "0": [],
            "1": [],
            "2": [],
            "3": [],
            "4": [],
            "5": ["kirin960", "kirin970", "kirin810", "vendor kirin810"],
            "6": ["kirin820", "kirin980", "kirin985", "kirin990", "kirin9000"],
            "7": []
        },

        "filter-manu": {
            "0": [],
            "1": [],
            "2": [],
            "3": [],
            "4": [],
            "5": [],
            "6": [],
            "7": []
        },

        "resolution": [],
        "ram": [],
        "cpufreq": [],
        "cpucores": [],
        "gpu_vendor": {
            "adreno": {
                "series": ["100", "200", "300", "400", "500", "600", "700"],
                "100": [0, 100, 199, 199, 199, 199, 199],
                "200": [0, 200, 299, 299, 299, 299, 299],
                "300": [0, 308, 399, 399, 399, 399, 399],
                "400": [0, 400, 499, 499, 499, 499, 499],
                "500": [0, 500, 500, 506, 513, 540, 599],
                "600": [0, 600, 600, 600, 600, 600, 699],
                "700": [0, 700, 700, 700, 700, 730, 799]
            },
            "mali": {
                "series": ["g", "t"],
                "g": [0, 0, 0, 51, 72, 76, 999],
                "t": [0, 0, 760, 881, 999, 999, 999]
            },
            "powervr": {
                "series": ["sgx", "gt", "ge", "gx", "g" , "gm"],
                "sgx": [0, 0, 99999, 99999, 99999, 99999, 99999],
                "gt": [0, 0, 0, 0, 7600, 7800, 9999],
                "ge": [0, 8301, 8320, 9999, 9999, 9999, 9999],
                "gm": [0, 8301, 8320, 9999, 9999, 9999, 9999],
                "gx": [0, 0, 0, 6450, 6850, 6851, 9999],
                "g": [0, 0, 6430, 9999, 9999, 9999, 9999]
            },
            "tegra": {
                "series": ["k1", "x1", "2", "3", "4"],
                "k1": [0, 0, 0, 0, 0, 2, 9],
                "x1": [0, 0, 0, 0, 0, 1, 9],
                "2": [0, 0, 0, 9999, 9999, 9999, 9999],
                "3": [0, 0, 0, 0, 0, 9999, 9999],
                "4": [0, 0, 0, 0, 0, 9999, 9999]
            }
        }
    },
    
    "level6_recommend": {
        "classLevelNum": 8,
        "classLevelValues": [0, 1, 2, 3, 4, 5, 6, 7],
        "defLevel": 127,
        "switchops": 526,
        "andopts": 526,
        "filter-model": {
            "0": [],
            "1": [],
            "2": 
            [
                "Moto G (5S)*", "Moto G (5)*", "moto g(6)*", "Moto Z2 Play*", "XT1635*", "XT1710*", 
                "LG-M210*", "LG M700*", "LG M703*",
                "MI 4LTE*", "vivo Y67*", "OPPO A59*"
            ],
            "3": 
            [
                "CPH1729*", "CPH1819*",
                "vivo X5Pro D*", "vivo X5Max*", "vivo X5S L*", "vivo Y66*", "vivo Xplay5A*", "vivo X6S*", "vivo X6SPlus D*", "vivo X6S A*", 
                "vivo X9i*",  "vivo X9*", "vivo X7*", "vivo X7Plus*", "vivo X9Plus*", "vivo X9i*",
                
                "TAG-TL*", "TAG-AL*", "NEM-AL*",
                "OPPO A57*", "OPPO R9s*", "OPPO R9 P*", "OPPO R9m*", "OPPO R9km*", "OPPO R9t*", 
                 
                "m1 metal*", "M 1E*", "MI 5C*", "M5 Note*", "M2 E*", 
                "Redmi Note 4*", "Redmi 3S*", "Redmi 5*", "Redmi Pro*", 
                "MI 5s*", "MI 5*", "MI MAX*", "MI MAX 2*", "MI NOTE 3*", "MI NOTE LTE*",
                
                "Le X520*", "Le X620*", "LEX626*", "Le X621*", 
                "PRO 6*", "BAC-AL*", "EVA-AL00*","VIE-AL10*","MX6*", "BAC-AL00*", 
 
                "HUAWEI NXT-AL10*", "HUAWEI NXT-DL00*", "HUAWEI NXT-CL00*", "EVA-AL00*", "FRD-AL00*",
                "PIC-AL00*", "MHA-AL00*", "HUAWEI MLA-AL10*", "HUAWEI CAZ-AL10*", "DUK-AL20*", 
                "VKY-AL00*", "VTR-AL00*", "KIW-AL10*",
                
                "SM-C700*", "SM-G925*", "SM-G928*", "SM-G930*", "SM-G935*"
            ],
            "4": 
            [
                "OPPO R11*", "vivo X20*", "vivo X21*", "MI NOTE 3*", "PAAM00*", "PAAT00*", "CPH1831*", "CPH1833*", 
                "PRO 7*", "MI NOTE Pro*", "PACM00*", 
                "PACT00*", "CPH1835*", "CPH1821*",

                "SM-G950*", "SM-G955*"
            ],
            "5": 
            [
                "MIX 2*", "ONEPLUS A5000*", "ONEPLUS A5010*", "vivo x23*", 
                "SM-N950*",
                "SM-G960*", "SM-N960*", 
                "SM-G965*"
            ],
            "6": 
            [
                "MI 9*", "MI 8*", "MIX 2S*", "ONEPLUS A6000*", "MIX 3*", "SKR-A0*", 
                "SM-G970*", "SM-N970*", "SM-N971*",
                "SM-G973*",
                "SM-G975*", "SM-N975*",
                "SM-G976*", "SM-N976*",
                "SM-G977*",
                
                "gamematrix*"
            ],
            "7": []
        },

        "emulator": 2,
        
        "filter-gpu": {
            "0": [],
            "1": [],
            "2": [],
            "3": ["Mali-G71 *"],
            "4": ["PowerVR Rogue GM9446", "PowerVR B-Series BXM-8-256", "Mali-G57 *", "Mali-G68", "Mali-G68 *", "Mali-G72 *"],
            "5": ["Mali-G76 *", "Mali-G77 *", "Mali-G610 *"],
            "6": ["ANGLE (Samsung Xclipse 920)*"],
            "7": []
        },

        "filter-soc": {
            "0": [],
            "1": [],
            "2": [],
            "3": [],
            "4": ["kirin960", "kirin970", "kirin810", "vendor kirin810", "kirin820"],
            "5": ["kirin980", "kirin985", "kirin990"],
            "6": ["kirin9000"],
            "7": []
        },

        "filter-manu": {
            "0": [],
            "1": [],
            "2": [],
            "3": [],
            "4": [],
            "5": [],
            "6": [],
            "7": []
        },

        "resolution": [],
        "ram": [],
        "cpufreq": [],
        "cpucores": [],
        "gpu_vendor": {
            "adreno": {
                "series": ["100", "200", "300", "400", "500", "600", "700"],
                "100": [0, 100, 199, 199, 199, 199, 199],
                "200": [0, 200, 299, 299, 299, 299, 299],
                "300": [0, 308, 399, 399, 399, 399, 399],
                "400": [0, 400, 499, 499, 499, 499, 499],
                "500": [0, 500, 505, 512, 540, 599, 599],
                "600": [0, 600, 600, 600, 618, 630, 699],
                "700": [0, 700, 700, 700, 700, 730, 799]
            },
            "mali": {
                "series": ["g", "t"],
                "g": [0, 0, 51, 72, 76, 78, 999],
                "t": [0, 760, 881, 999, 999, 999, 999]
            },
            "powervr": {
                "series": ["sgx", "gt", "ge", "gx", "g" , "gm"],
                "sgx": [0, 0, 99999, 99999, 99999, 99999, 99999],
                "gt": [0, 0, 0, 7600, 7800, 9999, 9999],
                "ge": [0, 8301, 8320, 9999, 9999, 9999, 9999],
                "gm": [0, 8301, 8320, 9999, 9999, 9999, 9999],
                "gx": [0, 0, 6450, 6850, 6851, 9999, 9999],
                "g": [0, 6430, 9999, 9999, 9999, 9999, 9999]
            },
            "tegra": {
                "series": ["k1", "x1", "2", "3", "4"],
                "k1": [0, 0, 0, 0, 2, 9, 9],
                "x1": [0, 0, 0, 0, 1, 9, 9],
                "2": [0, 0, 9999, 9999, 9999, 9999, 9999],
                "3": [0, 0, 0, 0, 9999, 9999, 9999],
                "4": [0, 0, 0, 0, 9999, 9999, 9999]
            }
        }
    }    
}