<?xml version="1.0" encoding="utf-8"?>
    <Android>
        <data>
            <com.activision.callofduty.shooter>
                <files>
                    <config>
<string>
<string name="PLUGIN_AIM_ASSIST">
<string name="PLUGIN_AIM_ASSIST">aim assist turned on=true</string>
<string>
<string name="VALUE_AIM_ASSIST">="true"</string>
 <!--SMOKE CONFIG-->
<string name>="100" and "±5.0"</string>
<string name="PLUGIN_AIM_ASSIST">=set aim for shooting game"<string>/
 <!--SMOKE CONFIG-->
<string name="AIMLOCK">SHOW="</string>
 <!--SMOKE CONFIG-->
<string name="VALUE_AIMLOCK">="true"</string>
 <!--SMOKE CONFIG-->
<string name="PLUGIN_AIM_ASSIST">aim lock turned on (based on "VALUE_AIM_ASSIST")=true</string>
 <!--SMOKE CONFIG-->
<string name= "PLUGIN_AIM_ASSIST">SIZE</string>
<string name= "PLUGIN_AIM_ASSIST">START</string>
<string name="PLUGIN_AIM_ASSIST">aim assist turned on=enable</string>
                </Android>
            </data>
        </com.activision.callofduty.shooter>
    </files>
</config>
 <!--SMOKE CONFIG-->
  <!--SMOKE CONFIG-->
   <!--SMOKE CONFIG-->
....